23/01/2024,1y,2y,5y,10y,20y,30y
10/11/2018,EUSA1 ICPL Curncy,EUSA2 ICPL Curncy,EUSA5 ICPL Curncy,EUSA10 ICPL Curncy,EUSA20 ICPL Curncy ,EUSA30 ICPL Curncy
23/01/2024,3.61,3.025,2.68,2.71,2.701,2.49
22/01/2024,3.608,3.025,2.672,2.689,2.67,2.453
19/01/2024,3.612,3.058,2.705,2.718,2.689,2.468
18/01/2024,3.592,3.02,2.694,2.732,2.717,2.504
17/01/2024,3.572,3.008,2.667,2.691,2.675,2.467
16/01/2024,3.524,2.934,2.607,2.665,2.68,2.491
15/01/2024,3.515,2.918,2.573,2.62,2.638,2.45
12/01/2024,3.499,2.891,2.538,2.592,2.613,2.429
11/01/2024,3.572,2.988,2.614,2.646,2.652,2.46
10/01/2024,3.58,3.006,2.632,2.66,2.651,2.452
09/01/2024,3.561,2.978,2.602,2.639,2.637,2.443
08/01/2024,3.552,2.928,2.539,2.583,2.585,2.394
05/01/2024,3.559,2.961,2.587,2.617,2.615,2.424
04/01/2024,3.522,2.907,2.529,2.566,2.575,2.388
03/01/2024,3.466,2.801,2.403,2.461,2.489,2.312
02/01/2024,3.476,2.841,2.467,2.524,2.547,2.368
01/01/2024,3.458,2.797,2.431,2.493,2.508,2.33
29/12/2023,3.458,2.797,2.431,2.493,2.508,2.33
28/12/2023,3.454,2.783,2.384,2.421,2.436,2.26
27/12/2023,3.475,2.802,2.358,2.379,2.387,2.208
26/12/2023,3.495,2.828,2.409,2.45,2.465,2.288
25/12/2023,3.495,2.828,2.409,2.45,2.465,2.288
22/12/2023,3.495,2.828,2.409,2.45,2.465,2.288
21/12/2023,3.514,2.863,2.432,2.449,2.449,2.265
20/12/2023,3.537,2.886,2.444,2.441,2.43,2.24
19/12/2023,3.563,2.933,2.5,2.496,2.489,2.302
18/12/2023,3.572,2.956,2.532,2.543,2.539,2.35
15/12/2023,3.56,2.938,2.5,2.496,2.489,2.296
14/12/2023,3.597,2.998,2.573,2.589,2.591,2.396
13/12/2023,3.657,3.096,2.665,2.644,2.616,2.405
12/12/2023,3.693,3.149,2.715,2.706,2.677,2.463
11/12/2023,3.694,3.143,2.736,2.749,2.724,2.515
08/12/2023,3.674,3.125,2.724,2.744,2.722,2.514
07/12/2023,3.64,3.065,2.652,2.671,2.661,2.464
06/12/2023,3.65,3.084,2.68,2.685,2.656,2.449
05/12/2023,3.645,3.08,2.703,2.728,2.711,2.513
04/12/2023,3.691,3.158,2.797,2.837,2.845,2.655
01/12/2023,3.717,3.176,2.801,2.856,2.881,2.691
30/11/2023,3.835,3.32,2.923,2.947,2.95,2.742
29/11/2023,3.865,3.346,2.917,2.933,2.942,2.74
28/11/2023,3.898,3.413,2.98,2.985,2.987,2.78
27/11/2023,3.942,3.48,3.043,3.038,3.024,2.805
24/11/2023,3.992,3.564,3.139,3.117,3.079,2.849
23/11/2023,3.983,3.545,3.123,3.101,3.062,2.827
22/11/2023,3.975,3.522,3.078,3.05,3.017,2.788
21/11/2023,3.957,3.482,3.046,3.047,3.032,2.808
20/11/2023,3.961,3.501,3.08,3.073,3.052,2.82
17/11/2023,3.951,3.485,3.067,3.077,3.066,2.84
16/11/2023,3.938,3.466,3.051,3.073,3.078,2.859
15/11/2023,3.972,3.519,3.107,3.12,3.119,2.899
14/11/2023,3.973,3.507,3.086,3.083,3.067,2.839
13/11/2023,4.01,3.584,3.187,3.186,3.158,2.917
10/11/2023,3.996,3.571,3.182,3.193,3.165,2.924
09/11/2023,3.968,3.523,3.119,3.142,3.131,2.895
08/11/2023,3.976,3.53,3.111,3.107,3.072,2.827
07/11/2023,3.971,3.522,3.13,3.157,3.147,2.911
06/11/2023,3.978,3.535,3.165,3.227,3.236,3.008
03/11/2023,3.964,3.499,3.104,3.157,3.172,2.949
02/11/2023,3.979,3.533,3.168,3.229,3.249,3.024
01/11/2023,3.987,3.54,3.195,3.289,3.32,3.096
31/10/2023,4.012,3.597,3.261,3.349,3.362,3.133
30/10/2023,4.024,3.611,3.28,3.366,3.372,3.142
27/10/2023,4.036,3.629,3.293,3.375,3.385,3.157
26/10/2023,4.055,3.664,3.324,3.39,3.381,3.144
25/10/2023,4.079,3.731,3.392,3.441,3.414,3.167
24/10/2023,4.08,3.716,3.355,3.383,3.351,3.102
23/10/2023,4.103,3.763,3.413,3.43,3.38,3.123
20/10/2023,4.102,3.771,3.434,3.463,3.416,3.164
19/10/2023,4.139,3.824,3.47,3.477,3.426,3.172
18/10/2023,4.151,3.834,3.463,3.462,3.399,3.142
17/10/2023,4.141,3.824,3.445,3.429,3.357,3.094
16/10/2023,4.106,3.758,3.368,3.359,3.318,3.074
13/10/2023,4.115,3.759,3.339,3.306,3.256,3.006
12/10/2023,4.123,3.772,3.369,3.354,3.3,3.047
11/10/2023,4.098,3.719,3.314,3.292,3.237,2.981
10/10/2023,4.086,3.694,3.327,3.351,3.323,3.074
09/10/2023,4.085,3.68,3.314,3.354,3.331,3.084
06/10/2023,4.114,3.761,3.414,3.458,3.419,3.165
05/10/2023,4.12,3.761,3.4,3.426,3.388,3.137
04/10/2023,4.14,3.802,3.457,3.482,3.427,3.168
03/10/2023,4.153,3.83,3.484,3.517,3.469,3.216
02/10/2023,4.157,3.828,3.458,3.468,3.422,3.178
29/09/2023,4.148,3.804,3.406,3.391,3.337,3.091
28/09/2023,4.171,3.875,3.5,3.464,3.384,3.129
27/09/2023,4.16,3.824,3.42,3.379,3.327,3.095
26/09/2023,4.135,3.807,3.387,3.348,3.301,3.072
25/09/2023,4.15,3.809,3.38,3.341,3.304,3.078
22/09/2023,4.142,3.823,3.364,3.282,3.216,2.983
21/09/2023,4.133,3.824,3.368,3.274,3.197,2.96
20/09/2023,4.13,3.815,3.334,3.231,3.16,2.929
19/09/2023,4.145,3.844,3.365,3.263,3.182,2.946
18/09/2023,4.142,3.823,3.339,3.237,3.158,2.922
15/09/2023,4.118,3.788,3.305,3.209,3.137,2.897
14/09/2023,4.088,3.744,3.243,3.142,3.064,2.82
13/09/2023,4.071,3.77,3.306,3.194,3.091,2.83
12/09/2023,4.034,3.733,3.29,3.196,3.106,2.85
11/09/2023,4.019,3.703,3.266,3.187,3.105,2.851
08/09/2023,4.002,3.686,3.248,3.163,3.08,2.823
07/09/2023,3.993,3.682,3.244,3.162,3.08,2.823
06/09/2023,3.997,3.705,3.276,3.195,3.106,2.844
05/09/2023,3.982,3.664,3.237,3.173,3.104,2.852
04/09/2023,3.995,3.669,3.225,3.148,3.067,2.811
01/09/2023,3.971,3.644,3.186,3.117,3.044,2.792
31/08/2023,3.987,3.626,3.131,3.039,2.957,2.701
30/08/2023,4.036,3.73,3.239,3.13,3.033,2.769
29/08/2023,4.007,3.703,3.212,3.095,3,2.739
28/08/2023,4.025,3.73,3.259,3.153,3.057,2.794
25/08/2023,4.014,3.72,3.26,3.155,3.056,2.787
24/08/2023,3.98,3.658,3.205,3.121,3.029,2.762
23/08/2023,3.992,3.655,3.194,3.109,3.022,2.76
22/08/2023,4.042,3.763,3.323,3.232,3.124,2.851
21/08/2023,4.049,3.788,3.372,3.288,3.188,2.916
18/08/2023,4.029,3.742,3.307,3.215,3.116,2.846
17/08/2023,4.051,3.796,3.381,3.297,3.182,2.905
16/08/2023,4.059,3.787,3.344,3.246,3.132,2.854
15/08/2023,4.055,3.806,3.374,3.271,3.151,2.872
14/08/2023,4.049,3.772,3.322,3.214,3.098,2.82
11/08/2023,4.021,3.754,3.315,3.217,3.104,2.83
10/08/2023,4.007,3.698,3.234,3.124,3.02,2.752
09/08/2023,3.994,3.676,3.2,3.098,2.993,2.724
08/08/2023,3.986,3.658,3.18,3.075,2.969,2.697
07/08/2023,4.017,3.705,3.274,3.195,3.095,2.825
04/08/2023,4.014,3.714,3.252,3.143,3.031,2.755
03/08/2023,4.005,3.704,3.272,3.187,3.088,2.819
02/08/2023,4.001,3.688,3.215,3.118,3.018,2.751
01/08/2023,4.024,3.725,3.25,3.141,3.034,2.768
31/07/2023,4.017,3.711,3.2,3.069,2.955,2.687
28/07/2023,4.03,3.739,3.22,3.083,2.968,2.701
27/07/2023,4.048,3.759,3.232,3.078,2.949,2.679
26/07/2023,4.072,3.814,3.262,3.082,2.94,2.659
25/07/2023,4.05,3.749,3.198,3.036,2.895,2.615
24/07/2023,4.065,3.755,3.209,3.048,2.913,2.638
21/07/2023,4.085,3.806,3.257,3.079,2.925,2.641
20/07/2023,4.087,3.829,3.279,3.1,2.943,2.653
19/07/2023,4.064,3.774,3.208,3.029,2.877,2.603
18/07/2023,4.069,3.764,3.177,2.984,2.836,2.566
17/07/2023,4.109,3.846,3.269,3.075,2.919,2.645
14/07/2023,4.106,3.859,3.301,3.11,2.957,2.682
13/07/2023,4.088,3.805,3.249,3.075,2.933,2.663
12/07/2023,4.124,3.891,3.353,3.166,3.002,2.718
11/07/2023,4.145,3.966,3.444,3.251,3.06,2.761
10/07/2023,4.133,3.951,3.451,3.254,3.057,2.758
07/07/2023,4.125,3.927,3.429,3.243,3.048,2.748
06/07/2023,4.125,3.967,3.459,3.249,3.028,2.727
05/07/2023,4.086,3.888,3.32,3.101,2.923,2.648
04/07/2023,4.084,3.894,3.313,3.07,2.878,2.599
03/07/2023,4.121,3.934,3.324,3.052,2.834,2.546
30/06/2023,4.084,3.879,3.262,3.016,2.819,2.538
29/06/2023,4.086,3.884,3.279,3.037,2.846,2.569
28/06/2023,4.076,3.806,3.174,2.941,2.773,2.504
27/06/2023,4.085,3.832,3.216,2.974,2.798,2.523
26/06/2023,4.059,3.776,3.154,2.933,2.78,2.516
23/06/2023,4.076,3.805,3.203,2.977,2.814,2.544
22/06/2023,4.11,3.884,3.315,3.089,2.907,2.619
21/06/2023,4.063,3.812,3.235,3.028,2.87,2.592
20/06/2023,4.045,3.777,3.196,2.995,2.857,2.59
19/06/2023,4.045,3.822,3.29,3.105,2.975,2.703
16/06/2023,3.99,3.77,3.24,3.054,2.917,2.643
15/06/2023,3.982,3.769,3.254,3.08,2.946,2.67
14/06/2023,3.922,3.681,3.177,3.039,2.946,2.68
13/06/2023,3.911,3.649,3.147,3.018,2.927,2.663
12/06/2023,3.866,3.575,3.081,2.981,2.907,2.649
09/06/2023,3.879,3.589,3.089,2.978,2.888,2.62
08/06/2023,3.881,3.589,3.101,3.017,2.93,2.664
07/06/2023,3.885,3.626,3.148,3.065,2.974,2.707
06/06/2023,3.847,3.546,3.067,2.983,2.905,2.648
05/06/2023,3.878,3.594,3.104,3.01,2.916,2.654
02/06/2023,3.852,3.548,3.056,2.959,2.869,2.609
01/06/2023,3.818,3.478,2.987,2.917,2.843,2.591
31/05/2023,3.839,3.505,3.026,2.955,2.865,2.596
30/05/2023,3.884,3.567,3.079,2.986,2.877,2.596
29/05/2023,3.934,3.669,3.192,3.084,2.954,2.661
26/05/2023,3.94,3.712,3.265,3.173,3.048,2.759
25/05/2023,3.937,3.694,3.253,3.168,3.041,2.75
24/05/2023,3.907,3.646,3.211,3.128,3.012,2.731
23/05/2023,3.876,3.601,3.173,3.113,3.014,2.742
22/05/2023,3.859,3.581,3.157,3.1,3.006,2.737
19/05/2023,3.848,3.553,3.14,3.085,2.999,2.731
18/05/2023,3.833,3.54,3.139,3.095,3.014,2.752
17/05/2023,3.81,3.493,3.047,2.992,2.911,2.649
16/05/2023,3.783,3.44,3.03,3.004,2.941,2.683
15/05/2023,3.767,3.391,2.97,2.958,2.902,2.642
12/05/2023,3.76,3.4,2.966,2.942,2.875,2.608
11/05/2023,3.724,3.333,2.909,2.892,2.828,2.557
10/05/2023,3.729,3.369,2.963,2.954,2.888,2.614
09/05/2023,3.741,3.424,3.019,3.005,2.936,2.66
08/05/2023,3.731,3.404,3.001,2.984,2.909,2.629
05/05/2023,3.701,3.364,2.963,2.954,2.881,2.604
04/05/2023,3.702,3.323,2.893,2.888,2.82,2.544
03/05/2023,3.772,3.441,2.985,2.925,2.82,2.527
02/05/2023,3.745,3.422,2.993,2.943,2.839,2.544
01/05/2023,3.78,3.478,3.056,2.989,2.877,2.579
28/04/2023,3.78,3.478,3.056,2.989,2.877,2.579
27/04/2023,3.806,3.559,3.165,3.098,2.971,2.666
26/04/2023,3.826,3.564,3.149,3.073,2.953,2.652
25/04/2023,3.832,3.575,3.145,3.045,2.911,2.606
24/04/2023,3.887,3.67,3.26,3.149,3.007,2.7
21/04/2023,3.827,3.61,3.212,3.113,2.978,2.675
20/04/2023,3.82,3.591,3.194,3.09,2.948,2.643
19/04/2023,3.833,3.643,3.245,3.132,2.976,2.666
18/04/2023,3.795,3.601,3.212,3.101,2.957,2.657
17/04/2023,3.781,3.563,3.167,3.082,2.951,2.658
14/04/2023,3.741,3.528,3.126,3.035,2.903,2.609
13/04/2023,3.697,3.458,3.071,2.996,2.876,2.585
12/04/2023,3.685,3.47,3.085,3.001,2.873,2.576
11/04/2023,3.606,3.398,3.022,2.949,2.83,2.532
10/04/2023,3.508,3.264,2.903,2.839,2.728,2.431
07/04/2023,3.508,3.264,2.903,2.839,2.728,2.431
06/04/2023,3.508,3.264,2.903,2.839,2.728,2.431
05/04/2023,3.489,3.244,2.888,2.833,2.718,2.415
04/04/2023,3.535,3.322,2.955,2.903,2.781,2.47
03/04/2023,3.567,3.381,3.001,2.908,2.771,2.446
31/03/2023,3.573,3.417,3.042,2.956,2.821,2.495
30/03/2023,3.58,3.447,3.103,3.025,2.875,2.541
29/03/2023,3.498,3.345,3.038,2.995,2.866,2.54
28/03/2023,3.48,3.321,3.013,2.975,2.839,2.507
27/03/2023,3.443,3.265,2.983,2.938,2.794,2.46
24/03/2023,3.414,3.206,2.908,2.869,2.719,2.378
23/03/2023,3.476,3.297,2.974,2.903,2.748,2.401
22/03/2023,3.494,3.393,3.095,2.988,2.801,2.431
21/03/2023,3.357,3.288,3.035,2.951,2.764,2.389
20/03/2023,3.254,3.15,2.924,2.871,2.706,2.333
17/03/2023,3.269,3.197,2.939,2.876,2.701,2.325
16/03/2023,3.305,3.314,3.068,2.978,2.799,2.423
15/03/2023,3.335,3.338,3.073,2.947,2.745,2.374
14/03/2023,3.476,3.548,3.21,3.051,2.863,2.527
13/03/2023,3.544,3.486,3.094,2.953,2.775,2.451
10/03/2023,3.818,3.732,3.247,3.065,2.874,2.547
09/03/2023,3.914,3.878,3.379,3.187,2.985,2.656
08/03/2023,3.948,3.932,3.42,3.195,2.965,2.619
07/03/2023,3.916,3.896,3.418,3.225,3.002,2.66
06/03/2023,3.858,3.883,3.468,3.284,3.059,2.713
03/03/2023,3.81,3.828,3.44,3.277,3.066,2.721
02/03/2023,3.816,3.861,3.477,3.329,3.123,2.78
01/03/2023,3.768,3.838,3.445,3.286,3.082,2.74
28/02/2023,3.719,3.775,3.373,3.23,3.043,2.708
27/02/2023,3.675,3.719,3.322,3.186,3.01,2.68
24/02/2023,3.653,3.667,3.265,3.129,2.936,2.594
23/02/2023,3.586,3.551,3.19,3.072,2.885,2.547
22/02/2023,3.588,3.557,3.206,3.096,2.912,2.581
21/02/2023,3.608,3.577,3.209,3.087,2.886,2.548
20/02/2023,3.565,3.521,3.144,3.016,2.827,2.493
17/02/2023,3.561,3.505,3.11,2.985,2.801,2.465
16/02/2023,3.549,3.509,3.121,3.014,2.835,2.505
15/02/2023,3.543,3.503,3.12,3.018,2.84,2.504
14/02/2023,3.528,3.482,3.103,2.985,2.791,2.447
13/02/2023,3.481,3.402,3.005,2.906,2.724,2.386
10/02/2023,3.458,3.372,2.98,2.896,2.715,2.379
09/02/2023,3.434,3.316,2.928,2.852,2.678,2.345
08/02/2023,3.41,3.307,2.942,2.887,2.714,2.38
07/02/2023,3.39,3.306,2.97,2.904,2.73,2.396
06/02/2023,3.364,3.28,2.934,2.876,2.717,2.388
03/02/2023,3.325,3.194,2.814,2.758,2.629,2.323
02/02/2023,3.303,3.137,2.71,2.646,2.514,2.208
01/02/2023,3.386,3.305,2.932,2.852,2.667,2.322
31/01/2023,3.362,3.294,2.94,2.875,2.693,2.351
30/01/2023,3.352,3.309,2.97,2.9,2.707,2.358
27/01/2023,3.304,3.239,2.89,2.834,2.663,2.324
26/01/2023,3.288,3.221,2.861,2.801,2.634,2.298
25/01/2023,3.285,3.197,2.826,2.768,2.601,2.264
24/01/2023,3.292,3.214,2.84,2.768,2.581,2.237
23/01/2023,3.303,3.236,2.861,2.794,2.618,2.278
20/01/2023,3.272,3.193,2.812,2.742,2.559,2.219
19/01/2023,3.231,3.133,2.727,2.646,2.457,2.113
18/01/2023,3.185,3.087,2.674,2.601,2.43,2.087
17/01/2023,3.2,3.09,2.687,2.646,2.481,2.145
16/01/2023,3.253,3.174,2.774,2.719,2.537,2.183
13/01/2023,3.274,3.197,2.784,2.718,2.538,2.183
12/01/2023,3.224,3.159,2.769,2.713,2.529,2.17
11/01/2023,3.251,3.196,2.829,2.783,2.584,2.213
10/01/2023,3.287,3.274,2.956,2.913,2.699,2.319
09/01/2023,3.26,3.246,2.917,2.863,2.657,2.28
06/01/2023,3.25,3.244,2.905,2.846,2.635,2.256
05/01/2023,3.246,3.273,2.978,2.934,2.724,2.336
04/01/2023,3.218,3.226,2.926,2.888,2.681,2.291
03/01/2023,3.246,3.299,3.045,2.988,2.734,2.327
02/01/2023,3.265,3.339,3.118,3.068,2.798,2.397
30/12/2022,3.277,3.395,3.239,3.203,2.932,2.533
29/12/2022,3.269,3.356,3.14,3.084,2.813,2.416
28/12/2022,3.289,3.379,3.19,3.143,2.865,2.468
27/12/2022,3.299,3.416,3.228,3.173,2.904,2.513
26/12/2022,3.261,3.361,3.142,3.059,2.783,2.391
23/12/2022,3.261,3.361,3.142,3.059,2.783,2.391
22/12/2022,3.221,3.303,3.081,3.029,2.754,2.362
21/12/2022,3.188,3.275,3.047,2.986,2.711,2.321
20/12/2022,3.151,3.233,2.992,2.936,2.656,2.262
19/12/2022,3.094,3.167,2.912,2.842,2.558,2.156
16/12/2022,3.062,3.143,2.895,2.81,2.517,2.113
15/12/2022,2.97,3.051,2.833,2.714,2.429,2.023
14/12/2022,2.842,2.865,2.649,2.599,2.382,1.999
13/12/2022,2.831,2.883,2.692,2.64,2.383,1.979
12/12/2022,2.876,2.933,2.703,2.627,2.345,1.92
09/12/2022,2.826,2.871,2.657,2.612,2.355,1.933
08/12/2022,2.803,2.831,2.597,2.553,2.307,1.881
07/12/2022,2.786,2.802,2.559,2.53,2.306,1.898
06/12/2022,2.8,2.825,2.58,2.537,2.305,1.889
05/12/2022,2.819,2.87,2.636,2.6,2.366,1.947
02/12/2022,2.793,2.843,2.605,2.58,2.371,1.96
01/12/2022,2.751,2.769,2.534,2.536,2.357,1.968
30/11/2022,2.799,2.858,2.657,2.656,2.471,2.084
29/11/2022,2.81,2.874,2.673,2.671,2.494,2.114
28/11/2022,2.843,2.921,2.726,2.695,2.498,2.117
25/11/2022,2.81,2.902,2.703,2.668,2.463,2.093
24/11/2022,2.783,2.837,2.612,2.572,2.395,2.035
23/11/2022,2.797,2.875,2.684,2.654,2.483,2.123
22/11/2022,2.769,2.846,2.697,2.698,2.551,2.185
21/11/2022,2.772,2.869,2.729,2.74,2.597,2.231
18/11/2022,2.776,2.877,2.756,2.766,2.629,2.261
17/11/2022,2.759,2.873,2.734,2.764,2.625,2.253
16/11/2022,2.758,2.848,2.687,2.718,2.605,2.239
15/11/2022,2.762,2.879,2.76,2.81,2.697,2.331
14/11/2022,2.801,2.923,2.811,2.872,2.764,2.39
11/11/2022,2.778,2.914,2.827,2.89,2.769,2.394
10/11/2022,2.741,2.847,2.739,2.808,2.707,2.344
09/11/2022,2.804,2.959,2.888,2.939,2.796,2.405
08/11/2022,2.837,3.046,3.007,3.061,2.907,2.498
07/11/2022,2.836,3.076,3.086,3.151,2.996,2.59
04/11/2022,2.811,3.056,3.067,3.143,2.98,2.57
03/11/2022,2.759,3.005,3.038,3.112,2.943,2.532
02/11/2022,2.701,2.919,2.935,3.015,2.857,2.456
01/11/2022,2.667,2.889,2.921,3.023,2.885,2.49
31/10/2022,2.639,2.877,2.931,3.029,2.879,2.476
28/10/2022,2.553,2.814,2.898,2.982,2.823,2.413
27/10/2022,2.5,2.677,2.726,2.853,2.738,2.35
26/10/2022,2.596,2.827,2.895,2.98,2.825,2.42
25/10/2022,2.622,2.875,2.931,3.014,2.848,2.424
24/10/2022,2.665,2.929,3.036,3.153,2.98,2.548
21/10/2022,2.671,2.975,3.117,3.265,3.083,2.651
20/10/2022,2.738,3.082,3.182,3.283,3.072,2.621
19/10/2022,2.705,3.037,3.16,3.255,3.041,2.58
18/10/2022,2.652,2.962,3.085,3.195,2.999,2.556
17/10/2022,2.667,2.996,3.13,3.243,3.038,2.588
14/10/2022,2.667,3.006,3.156,3.315,3.129,2.687
13/10/2022,2.636,2.979,3.121,3.257,3.044,2.583
12/10/2022,2.606,2.935,3.113,3.306,3.114,2.667
11/10/2022,2.621,2.955,3.14,3.309,3.088,2.636
10/10/2022,2.624,2.997,3.196,3.33,3.091,2.637
07/10/2022,2.58,2.949,3.103,3.203,2.954,2.493
06/10/2022,2.512,2.862,2.988,3.088,2.842,2.388
05/10/2022,2.368,2.7,2.843,2.962,2.755,2.33
04/10/2022,2.335,2.601,2.697,2.819,2.639,2.225
03/10/2022,2.378,2.666,2.771,2.883,2.683,2.248
30/09/2022,2.486,2.826,2.966,3.075,2.846,2.398
29/09/2022,2.492,2.859,3.034,3.142,2.905,2.447
28/09/2022,2.548,2.944,3.052,3.096,2.808,2.323
27/09/2022,2.62,3.065,3.152,3.155,2.829,2.366
26/09/2022,2.584,3.028,3.072,3.017,2.689,2.229
23/09/2022,2.554,2.962,2.923,2.854,2.558,2.14
22/09/2022,2.486,2.823,2.804,2.768,2.521,2.134
21/09/2022,2.467,2.772,2.708,2.691,2.476,2.107
20/09/2022,2.406,2.679,2.652,2.687,2.527,2.186
19/09/2022,2.356,2.591,2.536,2.564,2.419,2.083
16/09/2022,2.277,2.506,2.472,2.526,2.381,2.046
15/09/2022,2.266,2.531,2.504,2.554,2.411,2.078
14/09/2022,2.191,2.437,2.456,2.543,2.428,2.104
13/09/2022,2.149,2.391,2.441,2.552,2.47,2.154
12/09/2022,2.046,2.267,2.325,2.461,2.401,2.087
09/09/2022,2.019,2.273,2.366,2.527,2.48,2.162
08/09/2022,1.97,2.26,2.38,2.536,2.447,2.109
07/09/2022,1.872,2.151,2.268,2.441,2.375,2.043
06/09/2022,1.876,2.191,2.341,2.546,2.497,2.184
05/09/2022,1.872,2.194,2.299,2.501,2.482,2.183
02/09/2022,1.812,2.085,2.183,2.394,2.379,2.085
01/09/2022,1.844,2.157,2.258,2.446,2.415,2.114
31/08/2022,1.844,2.179,2.261,2.413,2.355,2.052
30/08/2022,1.805,2.141,2.24,2.399,2.346,2.043
29/08/2022,1.733,2.084,2.231,2.413,2.358,2.065
26/08/2022,1.574,1.932,2.094,2.292,2.26,1.988
25/08/2022,1.476,1.814,1.976,2.192,2.197,1.936
24/08/2022,1.482,1.868,2.054,2.262,2.236,1.966
23/08/2022,1.418,1.793,1.984,2.194,2.183,1.925
22/08/2022,1.429,1.822,1.995,2.155,2.141,1.889
19/08/2022,1.335,1.681,1.85,2.047,2.058,1.821
18/08/2022,1.265,1.579,1.73,1.92,1.942,1.714
17/08/2022,1.202,1.521,1.675,1.884,1.926,1.705
16/08/2022,1.104,1.367,1.538,1.779,1.854,1.642
15/08/2022,1.091,1.336,1.503,1.733,1.811,1.599
12/08/2022,1.144,1.406,1.582,1.815,1.882,1.667
11/08/2022,1.129,1.36,1.551,1.827,1.903,1.687
10/08/2022,1.129,1.333,1.51,1.767,1.836,1.618
09/08/2022,1.121,1.347,1.54,1.787,1.851,1.63
08/08/2022,1.095,1.308,1.508,1.75,1.809,1.589
05/08/2022,1.087,1.336,1.544,1.795,1.844,1.615
04/08/2022,1.014,1.206,1.376,1.635,1.702,1.483
03/08/2022,1.028,1.236,1.439,1.692,1.74,1.516
02/08/2022,0.985,1.175,1.38,1.661,1.727,1.514
01/08/2022,0.955,1.121,1.326,1.625,1.721,1.511
29/07/2022,0.957,1.124,1.338,1.652,1.74,1.518
28/07/2022,0.959,1.121,1.335,1.659,1.783,1.57
27/07/2022,1.047,1.268,1.482,1.755,1.861,1.638
26/07/2022,0.977,1.185,1.415,1.742,1.861,1.635
25/07/2022,1.01,1.235,1.496,1.824,1.94,1.696
22/07/2022,1.066,1.275,1.531,1.849,1.96,1.712
21/07/2022,1.152,1.465,1.749,2.014,2.073,1.799
20/07/2022,1.115,1.425,1.727,2.035,2.112,1.847
19/07/2022,1.076,1.437,1.766,2.074,2.159,1.888
18/07/2022,0.989,1.324,1.675,2.015,2.126,1.86
15/07/2022,0.98,1.284,1.616,1.964,2.083,1.823
14/07/2022,0.952,1.286,1.625,1.986,2.089,1.821
13/07/2022,0.879,1.229,1.594,1.951,2.075,1.812
12/07/2022,0.82,1.171,1.577,1.979,2.124,1.87
11/07/2022,0.872,1.252,1.663,2.088,2.248,1.995
08/07/2022,0.868,1.3,1.735,2.156,2.285,2.021
07/07/2022,0.835,1.311,1.723,2.117,2.243,1.977
06/07/2022,0.732,1.166,1.606,2.017,2.191,1.948
05/07/2022,0.738,1.205,1.648,2.069,2.227,1.973
04/07/2022,0.82,1.347,1.771,2.176,2.318,2.056
01/07/2022,0.735,1.219,1.659,2.07,2.23,1.971
30/06/2022,0.834,1.364,1.791,2.165,2.265,1.984
29/06/2022,0.939,1.548,1.99,2.347,2.414,2.122
28/06/2022,0.959,1.624,2.086,2.408,2.45,2.156
27/06/2022,0.929,1.575,2.021,2.335,2.381,2.097
24/06/2022,0.886,1.473,1.898,2.228,2.307,2.039
23/06/2022,0.921,1.495,1.915,2.21,2.292,2.034
22/06/2022,1.048,1.738,2.173,2.423,2.45,2.195
21/06/2022,1.08,1.826,2.3,2.545,2.562,2.32
20/06/2022,1.073,1.821,2.281,2.524,2.517,2.268
17/06/2022,1.061,1.762,2.186,2.429,2.418,2.173
16/06/2022,1.103,1.842,2.284,2.512,2.457,2.192
15/06/2022,1.038,1.759,2.194,2.45,2.416,2.168
14/06/2022,1.128,1.99,2.37,2.61,2.531,2.271
13/06/2022,0.961,1.798,2.183,2.372,2.304,2.055
10/06/2022,0.869,1.582,1.98,2.203,2.203,1.981
09/06/2022,0.773,1.46,1.873,2.131,2.166,1.952
08/06/2022,0.664,1.312,1.757,2.058,2.131,1.925
07/06/2022,0.632,1.283,1.713,2.007,2.075,1.866
06/06/2022,0.613,1.285,1.731,2.021,2.089,1.876
03/06/2022,0.592,1.257,1.699,1.98,2.05,1.834
02/06/2022,0.552,1.2,1.652,1.949,2.034,1.819
01/06/2022,0.511,1.141,1.573,1.895,2,1.793
31/05/2022,0.478,1.077,1.503,1.84,1.943,1.727
30/05/2022,0.445,1.022,1.444,1.771,1.886,1.667
27/05/2022,0.404,0.947,1.377,1.728,1.854,1.64
26/05/2022,0.403,0.933,1.392,1.764,1.897,1.691
25/05/2022,0.409,0.929,1.373,1.712,1.828,1.62
24/05/2022,0.401,0.939,1.365,1.682,1.765,1.541
23/05/2022,0.403,0.98,1.417,1.729,1.794,1.558
20/05/2022,0.379,0.913,1.342,1.663,1.723,1.476
19/05/2022,0.394,0.974,1.402,1.692,1.73,1.457
18/05/2022,0.376,0.967,1.416,1.74,1.784,1.506
17/05/2022,0.33,0.926,1.411,1.766,1.817,1.541
16/05/2022,0.259,0.83,1.313,1.679,1.761,1.5
13/05/2022,0.219,0.79,1.322,1.715,1.803,1.536
12/05/2022,0.198,0.775,1.286,1.653,1.721,1.446
11/05/2022,0.245,0.875,1.423,1.795,1.838,1.532
10/05/2022,0.263,0.937,1.504,1.866,1.886,1.563
09/05/2022,0.298,1.006,1.583,1.953,1.965,1.636
06/05/2022,0.314,1.073,1.624,1.946,1.942,1.617
05/05/2022,0.277,1.004,1.517,1.823,1.841,1.532
04/05/2022,0.285,1.004,1.484,1.759,1.763,1.445
03/05/2022,0.285,1.001,1.482,1.758,1.778,1.473
02/05/2022,0.268,0.966,1.459,1.762,1.816,1.53
29/04/2022,0.258,0.962,1.433,1.72,1.772,1.488
28/04/2022,0.206,0.897,1.382,1.676,1.742,1.464
27/04/2022,0.144,0.79,1.271,1.567,1.644,1.371
26/04/2022,0.16,0.83,1.307,1.57,1.633,1.349
25/04/2022,0.161,0.835,1.316,1.593,1.656,1.384
22/04/2022,0.181,0.928,1.432,1.674,1.69,1.408
21/04/2022,0.118,0.836,1.386,1.651,1.698,1.429
20/04/2022,0.019,0.693,1.275,1.566,1.623,1.368
19/04/2022,0.012,0.715,1.312,1.634,1.696,1.456
18/04/2022,0.022,0.717,1.28,1.572,1.628,1.393
15/04/2022,0.022,0.717,1.28,1.572,1.628,1.393
14/04/2022,0.022,0.717,1.28,1.572,1.628,1.393
13/04/2022,0.028,0.732,1.243,1.489,1.526,1.29
12/04/2022,0.01,0.723,1.242,1.487,1.53,1.302
11/04/2022,0.025,0.776,1.274,1.493,1.514,1.283
08/04/2022,0.003,0.733,1.2,1.401,1.418,1.189
07/04/2022,-0.037,0.643,1.123,1.344,1.372,1.156
06/04/2022,-0.056,0.611,1.089,1.317,1.358,1.147
05/04/2022,-0.054,0.616,1.089,1.277,1.309,1.093
04/04/2022,-0.081,0.549,0.986,1.168,1.212,1.005
01/04/2022,-0.081,0.543,1,1.195,1.233,1.023
31/03/2022,-0.082,0.535,0.981,1.189,1.23,1.019
30/03/2022,-0.049,0.622,1.097,1.281,1.303,1.076
29/03/2022,-0.076,0.558,1.046,1.253,1.283,1.053
28/03/2022,-0.101,0.497,0.972,1.201,1.241,1.008
25/03/2022,-0.12,0.477,0.969,1.189,1.241,1.014
24/03/2022,-0.147,0.419,0.882,1.14,1.209,0.988
23/03/2022,-0.165,0.353,0.799,1.069,1.151,0.936
22/03/2022,-0.158,0.381,0.841,1.127,1.219,1.003
21/03/2022,-0.166,0.334,0.805,1.099,1.21,0.996
18/03/2022,-0.18,0.28,0.732,1.011,1.118,0.9
17/03/2022,-0.201,0.265,0.729,1.013,1.115,0.897
16/03/2022,-0.178,0.302,0.773,1.055,1.161,0.928
15/03/2022,-0.194,0.28,0.729,1.039,1.164,0.929
14/03/2022,-0.19,0.312,0.751,1.043,1.156,0.909
11/03/2022,-0.206,0.273,0.679,0.945,1.035,0.78
10/03/2022,-0.207,0.258,0.652,0.96,1.049,0.802
09/03/2022,-0.25,0.132,0.553,0.901,1.005,0.767
08/03/2022,-0.272,0.095,0.515,0.838,0.935,0.703
07/03/2022,-0.306,0.036,0.424,0.733,0.812,0.575
04/03/2022,-0.342,0.005,0.385,0.719,0.814,0.607
03/03/2022,-0.337,0.038,0.438,0.741,0.867,0.699
02/03/2022,-0.358,0.015,0.412,0.709,0.84,0.675
01/03/2022,-0.396,-0.086,0.323,0.653,0.805,0.65
28/02/2022,-0.361,0.024,0.457,0.79,0.922,0.783
25/02/2022,-0.307,0.161,0.619,0.876,0.991,0.853
24/02/2022,-0.317,0.128,0.556,0.806,0.928,0.798
23/02/2022,-0.285,0.187,0.624,0.84,0.938,0.801
22/02/2022,-0.296,0.161,0.596,0.826,0.937,0.804
21/02/2022,-0.302,0.128,0.555,0.798,0.915,0.79
18/02/2022,-0.306,0.115,0.526,0.779,0.898,0.775
17/02/2022,-0.301,0.128,0.564,0.8,0.905,0.781
16/02/2022,-0.28,0.172,0.602,0.825,0.927,0.806
15/02/2022,-0.259,0.208,0.632,0.864,0.949,0.828
14/02/2022,-0.247,0.233,0.663,0.874,0.94,0.811
11/02/2022,-0.253,0.226,0.648,0.843,0.901,0.769
10/02/2022,-0.245,0.242,0.669,0.84,0.894,0.76
09/02/2022,-0.294,0.125,0.545,0.728,0.817,0.695
08/02/2022,-0.285,0.154,0.591,0.773,0.856,0.734
07/02/2022,-0.281,0.137,0.537,0.698,0.771,0.639
04/02/2022,-0.284,0.149,0.504,0.644,0.712,0.569
03/02/2022,-0.33,0.051,0.419,0.584,0.677,0.546
02/02/2022,-0.396,-0.092,0.279,0.492,0.63,0.523
01/02/2022,-0.405,-0.116,0.248,0.476,0.635,0.535
31/01/2022,-0.408,-0.12,0.233,0.459,0.614,0.505
28/01/2022,-0.435,-0.181,0.168,0.415,0.583,0.479
27/01/2022,-0.441,-0.2,0.136,0.387,0.558,0.458
26/01/2022,-0.45,-0.232,0.11,0.388,0.586,0.496
25/01/2022,-0.454,-0.243,0.102,0.384,0.579,0.487
24/01/2022,-0.457,-0.251,0.079,0.354,0.546,0.454
21/01/2022,-0.456,-0.244,0.102,0.378,0.568,0.474
20/01/2022,-0.451,-0.232,0.119,0.402,0.595,0.507
19/01/2022,-0.45,-0.23,0.125,0.413,0.612,0.527
18/01/2022,-0.45,-0.221,0.128,0.419,0.618,0.535
17/01/2022,-0.451,-0.223,0.122,0.4,0.599,0.517
14/01/2022,-0.456,-0.23,0.107,0.39,0.595,0.515
13/01/2022,-0.469,-0.264,0.053,0.33,0.532,0.453
12/01/2022,-0.465,-0.257,0.075,0.361,0.575,0.5
11/01/2022,-0.467,-0.245,0.109,0.399,0.62,0.547
10/01/2022,-0.476,-0.262,0.088,0.381,0.604,0.53
07/01/2022,-0.48,-0.266,0.076,0.368,0.587,0.511
06/01/2022,-0.482,-0.28,0.056,0.355,0.585,0.514
05/01/2022,-0.486,-0.294,0.031,0.331,0.58,0.516
04/01/2022,-0.481,-0.283,0.042,0.334,0.584,0.52
03/01/2022,-0.481,-0.281,0.045,0.337,0.581,0.511
31/12/2021,-0.488,-0.297,0.016,0.3,0.545,0.476
30/12/2021,-0.488,-0.297,0.016,0.3,0.545,0.476
29/12/2021,-0.484,-0.297,0.024,0.31,0.55,0.481
28/12/2021,-0.488,-0.3,-0.005,0.252,0.481,0.41
27/12/2021,-0.489,-0.307,-0.015,0.244,0.476,0.411
24/12/2021,-0.487,-0.32,-0.03,0.243,0.48,0.42
23/12/2021,-0.487,-0.32,-0.03,0.243,0.48,0.42
22/12/2021,-0.496,-0.333,-0.061,0.2,0.436,0.376
21/12/2021,-0.504,-0.352,-0.083,0.186,0.426,0.371
20/12/2021,-0.513,-0.372,-0.128,0.125,0.354,0.295
17/12/2021,-0.511,-0.375,-0.137,0.097,0.314,0.249
16/12/2021,-0.501,-0.359,-0.126,0.107,0.329,0.263
15/12/2021,-0.489,-0.34,-0.113,0.112,0.319,0.248
14/12/2021,-0.496,-0.359,-0.127,0.098,0.304,0.23
13/12/2021,-0.498,-0.367,-0.144,0.083,0.289,0.215
10/12/2021,-0.492,-0.36,-0.122,0.114,0.321,0.245
09/12/2021,-0.49,-0.359,-0.127,0.115,0.319,0.24
08/12/2021,-0.486,-0.343,-0.094,0.141,0.335,0.247
07/12/2021,-0.487,-0.349,-0.123,0.103,0.285,0.188
06/12/2021,-0.492,-0.362,-0.135,0.112,0.302,0.207
03/12/2021,-0.497,-0.365,-0.147,0.092,0.28,0.184
02/12/2021,-0.496,-0.36,-0.135,0.113,0.31,0.217
01/12/2021,-0.495,-0.359,-0.119,0.124,0.312,0.214
30/11/2021,-0.498,-0.368,-0.124,0.13,0.325,0.23
29/11/2021,-0.499,-0.372,-0.119,0.168,0.392,0.313
26/11/2021,-0.503,-0.389,-0.149,0.134,0.367,0.292
25/11/2021,-0.495,-0.357,-0.084,0.211,0.437,0.363
24/11/2021,-0.492,-0.351,-0.067,0.227,0.453,0.382
23/11/2021,-0.484,-0.337,-0.065,0.226,0.442,0.371
22/11/2021,-0.494,-0.356,-0.112,0.152,0.366,0.298
19/11/2021,-0.499,-0.366,-0.14,0.12,0.333,0.266
18/11/2021,-0.496,-0.351,-0.093,0.175,0.377,0.307
17/11/2021,-0.494,-0.341,-0.085,0.199,0.413,0.351
16/11/2021,-0.485,-0.325,-0.071,0.2,0.415,0.354
15/11/2021,-0.484,-0.325,-0.066,0.197,0.402,0.334
12/11/2021,-0.483,-0.322,-0.07,0.185,0.38,0.308
11/11/2021,-0.468,-0.281,-0.032,0.197,0.362,0.277
10/11/2021,-0.478,-0.311,-0.067,0.175,0.355,0.275
09/11/2021,-0.492,-0.363,-0.152,0.093,0.28,0.204
08/11/2021,-0.488,-0.347,-0.121,0.148,0.38,0.33
05/11/2021,-0.492,-0.373,-0.156,0.103,0.328,0.277
04/11/2021,-0.494,-0.37,-0.143,0.151,0.401,0.359
03/11/2021,-0.476,-0.306,-0.044,0.212,0.406,0.333
02/11/2021,-0.485,-0.322,-0.055,0.205,0.415,0.342
01/11/2021,-0.459,-0.258,0.022,0.27,0.425,0.32
29/10/2021,-0.445,-0.227,0.038,0.281,0.411,0.29
28/10/2021,-0.451,-0.261,-0.014,0.248,0.437,0.342
27/10/2021,-0.469,-0.312,-0.058,0.197,0.415,0.336
26/10/2021,-0.491,-0.347,-0.039,0.259,0.502,0.434
25/10/2021,-0.489,-0.35,-0.042,0.277,0.534,0.469
22/10/2021,-0.485,-0.34,-0.028,0.276,0.511,0.439
21/10/2021,-0.486,-0.346,-0.028,0.284,0.539,0.477
20/10/2021,-0.49,-0.372,-0.085,0.251,0.54,0.492
19/10/2021,-0.478,-0.335,-0.048,0.276,0.557,0.505
18/10/2021,-0.478,-0.34,-0.055,0.246,0.513,0.456
15/10/2021,-0.5,-0.399,-0.128,0.219,0.531,0.502
14/10/2021,-0.501,-0.409,-0.15,0.192,0.508,0.48
13/10/2021,-0.493,-0.382,-0.088,0.256,0.57,0.543
12/10/2021,-0.488,-0.375,-0.074,0.299,0.636,0.618
11/10/2021,-0.49,-0.393,-0.106,0.272,0.624,0.617
08/10/2021,-0.488,-0.407,-0.143,0.231,0.583,0.578
07/10/2021,-0.498,-0.424,-0.177,0.195,0.548,0.544
06/10/2021,-0.501,-0.427,-0.177,0.189,0.538,0.533
05/10/2021,-0.503,-0.432,-0.184,0.181,0.53,0.524
04/10/2021,-0.506,-0.44,-0.206,0.15,0.498,0.489
01/10/2021,-0.505,-0.438,-0.207,0.147,0.492,0.48
30/09/2021,-0.503,-0.43,-0.195,0.158,0.497,0.482
29/09/2021,-0.499,-0.426,-0.187,0.16,0.493,0.476
28/09/2021,-0.499,-0.425,-0.181,0.167,0.498,0.479
27/09/2021,-0.499,-0.428,-0.196,0.142,0.481,0.468
24/09/2021,-0.501,-0.432,-0.201,0.137,0.479,0.467
23/09/2021,-0.503,-0.432,-0.215,0.108,0.446,0.43
22/09/2021,-0.503,-0.446,-0.265,0.044,0.383,0.37
21/09/2021,-0.509,-0.451,-0.262,0.058,0.4,0.389
20/09/2021,-0.506,-0.45,-0.263,0.06,0.407,0.398
17/09/2021,-0.506,-0.449,-0.249,0.089,0.442,0.436
16/09/2021,-0.505,-0.454,-0.269,0.06,0.413,0.405
15/09/2021,-0.506,-0.458,-0.276,0.05,0.403,0.395
14/09/2021,-0.506,-0.461,-0.295,0.019,0.368,0.359
13/09/2021,-0.505,-0.46,-0.287,0.034,0.385,0.375
10/09/2021,-0.505,-0.461,-0.29,0.029,0.377,0.366
09/09/2021,-0.509,-0.469,-0.312,0,0.346,0.335
08/09/2021,-0.506,-0.463,-0.287,0.037,0.383,0.369
07/09/2021,-0.509,-0.466,-0.29,0.034,0.386,0.375
06/09/2021,-0.514,-0.476,-0.315,0,0.357,0.348
03/09/2021,-0.514,-0.48,-0.32,0.001,0.356,0.346
02/09/2021,-0.515,-0.483,-0.337,-0.021,0.332,0.321
01/09/2021,-0.516,-0.481,-0.327,-0.017,0.333,0.321
31/08/2021,-0.516,-0.481,-0.333,-0.033,0.312,0.299
30/08/2021,-0.523,-0.491,-0.358,-0.069,0.274,0.26
27/08/2021,-0.524,-0.491,-0.35,-0.058,0.287,0.274
26/08/2021,-0.524,-0.49,-0.343,-0.046,0.291,0.274
25/08/2021,-0.524,-0.493,-0.355,-0.066,0.273,0.259
24/08/2021,-0.525,-0.498,-0.377,-0.106,0.224,0.206
23/08/2021,-0.525,-0.498,-0.382,-0.112,0.217,0.198
20/08/2021,-0.524,-0.497,-0.382,-0.117,0.211,0.189
19/08/2021,-0.525,-0.498,-0.381,-0.112,0.214,0.19
18/08/2021,-0.523,-0.495,-0.373,-0.101,0.231,0.208
17/08/2021,-0.523,-0.494,-0.375,-0.104,0.225,0.202
16/08/2021,-0.523,-0.494,-0.374,-0.102,0.228,0.204
13/08/2021,-0.523,-0.495,-0.373,-0.105,0.222,0.199
12/08/2021,-0.523,-0.496,-0.363,-0.088,0.241,0.217
11/08/2021,-0.525,-0.498,-0.373,-0.096,0.235,0.21
10/08/2021,-0.524,-0.495,-0.367,-0.089,0.238,0.211
09/08/2021,-0.523,-0.494,-0.367,-0.085,0.244,0.217
06/08/2021,-0.523,-0.496,-0.361,-0.073,0.26,0.234
05/08/2021,-0.526,-0.5,-0.385,-0.111,0.212,0.183
04/08/2021,-0.53,-0.504,-0.388,-0.111,0.219,0.195
03/08/2021,-0.526,-0.504,-0.384,-0.103,0.236,0.219
02/08/2021,-0.524,-0.503,-0.379,-0.096,0.246,0.231
30/07/2021,-0.521,-0.496,-0.363,-0.071,0.274,0.26
29/07/2021,-0.521,-0.492,-0.359,-0.06,0.289,0.276
28/07/2021,-0.519,-0.492,-0.356,-0.058,0.295,0.284
27/07/2021,-0.518,-0.49,-0.357,-0.059,0.289,0.276
26/07/2021,-0.515,-0.486,-0.347,-0.046,0.301,0.29
23/07/2021,-0.515,-0.486,-0.351,-0.053,0.295,0.284
22/07/2021,-0.51,-0.478,-0.349,-0.06,0.285,0.273
21/07/2021,-0.502,-0.465,-0.33,-0.028,0.324,0.312
20/07/2021,-0.505,-0.468,-0.345,-0.054,0.279,0.259
19/07/2021,-0.506,-0.468,-0.336,-0.045,0.296,0.281
16/07/2021,-0.504,-0.465,-0.317,-0.012,0.344,0.335
15/07/2021,-0.503,-0.463,-0.312,-0.003,0.354,0.345
14/07/2021,-0.504,-0.464,-0.306,0.017,0.383,0.376
13/07/2021,-0.505,-0.462,-0.296,0.036,0.404,0.397
12/07/2021,-0.505,-0.465,-0.301,0.029,0.392,0.384
09/07/2021,-0.506,-0.466,-0.303,0.029,0.395,0.39
08/07/2021,-0.508,-0.469,-0.312,0.009,0.368,0.362
07/07/2021,-0.505,-0.469,-0.308,0.019,0.385,0.383
06/07/2021,-0.506,-0.466,-0.292,0.047,0.419,0.42
05/07/2021,-0.505,-0.461,-0.259,0.101,0.48,0.484
02/07/2021,-0.506,-0.465,-0.278,0.073,0.451,0.454
01/07/2021,-0.505,-0.459,-0.257,0.106,0.484,0.486
30/06/2021,-0.505,-0.459,-0.255,0.102,0.476,0.477
29/06/2021,-0.501,-0.451,-0.235,0.13,0.504,0.506
28/06/2021,-0.501,-0.452,-0.246,0.109,0.481,0.481
25/06/2021,-0.5,-0.451,-0.234,0.134,0.503,0.502
24/06/2021,-0.497,-0.452,-0.249,0.104,0.47,0.467
23/06/2021,-0.499,-0.455,-0.251,0.108,0.473,0.471
22/06/2021,-0.498,-0.454,-0.244,0.112,0.472,0.465
21/06/2021,-0.501,-0.455,-0.239,0.11,0.466,0.458
18/06/2021,-0.505,-0.463,-0.259,0.084,0.429,0.416
17/06/2021,-0.509,-0.47,-0.269,0.086,0.454,0.451
16/06/2021,-0.514,-0.48,-0.287,0.091,0.477,0.485
15/06/2021,-0.515,-0.477,-0.279,0.107,0.49,0.496
14/06/2021,-0.515,-0.482,-0.286,0.089,0.472,0.48
11/06/2021,-0.517,-0.485,-0.306,0.058,0.438,0.447
10/06/2021,-0.514,-0.484,-0.296,0.071,0.456,0.468
09/06/2021,-0.51,-0.477,-0.288,0.079,0.457,0.467
08/06/2021,-0.508,-0.471,-0.275,0.102,0.484,0.495
07/06/2021,-0.506,-0.47,-0.265,0.123,0.508,0.521
04/06/2021,-0.508,-0.475,-0.274,0.107,0.492,0.506
03/06/2021,-0.51,-0.472,-0.264,0.131,0.516,0.531
02/06/2021,-0.511,-0.475,-0.273,0.11,0.495,0.51
01/06/2021,-0.51,-0.472,-0.263,0.118,0.502,0.515
31/05/2021,-0.507,-0.469,-0.26,0.121,0.499,0.509
28/05/2021,-0.506,-0.469,-0.256,0.124,0.506,0.519
27/05/2021,-0.502,-0.462,-0.248,0.136,0.519,0.53
26/05/2021,-0.503,-0.47,-0.274,0.099,0.478,0.489
25/05/2021,-0.502,-0.468,-0.254,0.135,0.516,0.527
24/05/2021,-0.503,-0.466,-0.238,0.154,0.53,0.54
21/05/2021,-0.506,-0.466,-0.233,0.163,0.538,0.546
20/05/2021,-0.506,-0.461,-0.209,0.186,0.559,0.567
19/05/2021,-0.507,-0.462,-0.212,0.185,0.562,0.573
18/05/2021,-0.509,-0.464,-0.214,0.189,0.575,0.588
17/05/2021,-0.508,-0.464,-0.226,0.168,0.549,0.56
14/05/2021,-0.508,-0.467,-0.229,0.159,0.534,0.547
13/05/2021,-0.508,-0.465,-0.228,0.167,0.54,0.548
12/05/2021,-0.506,-0.465,-0.221,0.183,0.568,0.583
11/05/2021,-0.506,-0.47,-0.243,0.157,0.549,0.564
10/05/2021,-0.509,-0.477,-0.269,0.125,0.518,0.534
07/05/2021,-0.509,-0.474,-0.267,0.115,0.503,0.517
06/05/2021,-0.512,-0.482,-0.282,0.107,0.502,0.519
05/05/2021,-0.512,-0.483,-0.284,0.108,0.501,0.517
04/05/2021,-0.514,-0.486,-0.29,0.099,0.49,0.505
03/05/2021,-0.513,-0.479,-0.261,0.142,0.538,0.554
30/04/2021,-0.514,-0.479,-0.263,0.137,0.534,0.55
29/04/2021,-0.509,-0.472,-0.249,0.149,0.543,0.557
28/04/2021,-0.511,-0.477,-0.275,0.108,0.492,0.504
27/04/2021,-0.512,-0.481,-0.283,0.097,0.479,0.489
26/04/2021,-0.511,-0.483,-0.289,0.089,0.469,0.479
23/04/2021,-0.512,-0.486,-0.295,0.083,0.464,0.474
22/04/2021,-0.513,-0.488,-0.294,0.079,0.458,0.467
21/04/2021,-0.511,-0.488,-0.304,0.074,0.457,0.47
20/04/2021,-0.51,-0.489,-0.301,0.078,0.462,0.475
19/04/2021,-0.51,-0.485,-0.283,0.102,0.49,0.505
16/04/2021,-0.513,-0.493,-0.306,0.083,0.475,0.495
15/04/2021,-0.516,-0.5,-0.328,0.047,0.441,0.461
14/04/2021,-0.512,-0.493,-0.295,0.095,0.489,0.511
13/04/2021,-0.525,-0.506,-0.323,0.058,0.451,0.473
12/04/2021,-0.522,-0.506,-0.324,0.058,0.449,0.472
09/04/2021,-0.525,-0.508,-0.328,0.047,0.436,0.457
08/04/2021,-0.526,-0.514,-0.354,0.017,0.413,0.439
07/04/2021,-0.523,-0.511,-0.346,0.027,0.423,0.447
06/04/2021,-0.522,-0.507,-0.337,0.035,0.43,0.452
05/04/2021,-0.52,-0.508,-0.336,0.037,0.432,0.454
02/04/2021,-0.52,-0.508,-0.336,0.037,0.432,0.454
01/04/2021,-0.52,-0.508,-0.336,0.037,0.432,0.454
31/03/2021,-0.515,-0.497,-0.315,0.069,0.463,0.482
30/03/2021,-0.522,-0.501,-0.322,0.065,0.461,0.483
29/03/2021,-0.521,-0.507,-0.337,0.045,0.445,0.469
26/03/2021,-0.523,-0.511,-0.35,0.025,0.421,0.443
25/03/2021,-0.521,-0.51,-0.366,-0.008,0.382,0.403
24/03/2021,-0.521,-0.509,-0.358,0.01,0.407,0.431
23/03/2021,-0.52,-0.504,-0.345,0.025,0.426,0.453
22/03/2021,-0.52,-0.504,-0.334,0.049,0.45,0.479
19/03/2021,-0.518,-0.503,-0.327,0.06,0.46,0.488
18/03/2021,-0.514,-0.493,-0.309,0.076,0.471,0.498
17/03/2021,-0.513,-0.492,-0.319,0.053,0.439,0.463
16/03/2021,-0.517,-0.499,-0.345,0.006,0.386,0.408
15/03/2021,-0.512,-0.495,-0.339,0.014,0.397,0.42
12/03/2021,-0.509,-0.485,-0.32,0.035,0.41,0.43
11/03/2021,-0.511,-0.488,-0.334,0.003,0.368,0.383
10/03/2021,-0.509,-0.484,-0.324,0.007,0.359,0.368
09/03/2021,-0.506,-0.479,-0.313,0.027,0.386,0.398
08/03/2021,-0.506,-0.477,-0.304,0.048,0.411,0.422
05/03/2021,-0.509,-0.485,-0.33,0.018,0.38,0.392
04/03/2021,-0.509,-0.484,-0.32,0.03,0.397,0.413
03/03/2021,-0.51,-0.487,-0.326,0.021,0.387,0.4
02/03/2021,-0.512,-0.495,-0.361,-0.041,0.312,0.317
01/03/2021,-0.503,-0.486,-0.347,-0.028,0.316,0.316
26/02/2021,-0.496,-0.462,-0.295,0.035,0.368,0.36
25/02/2021,-0.498,-0.459,-0.257,0.095,0.438,0.44
24/02/2021,-0.514,-0.498,-0.333,0.004,0.369,0.386
23/02/2021,-0.511,-0.497,-0.336,0.002,0.361,0.377
22/02/2021,-0.511,-0.498,-0.343,-0.01,0.348,0.363
19/02/2021,-0.511,-0.494,-0.33,0.022,0.384,0.4
18/02/2021,-0.516,-0.502,-0.349,-0.016,0.338,0.357
17/02/2021,-0.518,-0.506,-0.367,-0.037,0.326,0.35
16/02/2021,-0.517,-0.502,-0.353,-0.018,0.351,0.378
15/02/2021,-0.521,-0.509,-0.371,-0.056,0.307,0.333
12/02/2021,-0.524,-0.514,-0.395,-0.091,0.268,0.292
11/02/2021,-0.525,-0.519,-0.409,-0.127,0.213,0.229
10/02/2021,-0.525,-0.517,-0.402,-0.111,0.231,0.247
09/02/2021,-0.526,-0.519,-0.404,-0.121,0.214,0.228
08/02/2021,-0.522,-0.513,-0.398,-0.12,0.21,0.222
05/02/2021,-0.523,-0.516,-0.398,-0.119,0.209,0.219
04/02/2021,-0.53,-0.523,-0.408,-0.136,0.189,0.197
03/02/2021,-0.529,-0.523,-0.412,-0.143,0.175,0.18
02/02/2021,-0.534,-0.53,-0.427,-0.168,0.14,0.141
01/02/2021,-0.538,-0.535,-0.439,-0.188,0.118,0.116
29/01/2021,-0.541,-0.539,-0.441,-0.188,0.119,0.119
28/01/2021,-0.544,-0.542,-0.449,-0.202,0.104,0.102
27/01/2021,-0.538,-0.537,-0.451,-0.208,0.091,0.089
26/01/2021,-0.53,-0.524,-0.438,-0.206,0.086,0.08
25/01/2021,-0.528,-0.527,-0.45,-0.226,0.061,0.055
22/01/2021,-0.524,-0.517,-0.435,-0.205,0.084,0.077
21/01/2021,-0.525,-0.515,-0.425,-0.189,0.104,0.097
20/01/2021,-0.532,-0.526,-0.445,-0.22,0.066,0.054
19/01/2021,-0.532,-0.526,-0.445,-0.222,0.061,0.047
18/01/2021,-0.536,-0.532,-0.453,-0.228,0.056,0.042
15/01/2021,-0.537,-0.534,-0.457,-0.236,0.044,0.028
14/01/2021,-0.535,-0.532,-0.461,-0.244,0.034,0.015
13/01/2021,-0.527,-0.521,-0.444,-0.231,0.043,0.024
12/01/2021,-0.525,-0.513,-0.418,-0.182,0.098,0.084
11/01/2021,-0.527,-0.521,-0.439,-0.21,0.073,0.059
08/01/2021,-0.53,-0.525,-0.453,-0.231,0.047,0.028
07/01/2021,-0.532,-0.53,-0.457,-0.235,0.044,0.024
06/01/2021,-0.537,-0.534,-0.463,-0.25,0.026,0.002
05/01/2021,-0.537,-0.541,-0.476,-0.269,0.004,-0.02
04/01/2021,-0.541,-0.545,-0.484,-0.291,-0.024,-0.049
01/01/2021,-0.526,-0.521,-0.459,-0.264,0.003,-0.026
31/12/2020,-0.526,-0.521,-0.459,-0.264,0.003,-0.026
30/12/2020,-0.526,-0.521,-0.459,-0.264,0.003,-0.026
29/12/2020,-0.525,-0.518,-0.458,-0.262,0.003,-0.027
28/12/2020,-0.518,-0.508,-0.451,-0.255,0.011,-0.021
25/12/2020,-0.516,-0.507,-0.436,-0.239,0.022,-0.011
24/12/2020,-0.516,-0.507,-0.436,-0.239,0.022,-0.011
23/12/2020,-0.516,-0.507,-0.436,-0.239,0.022,-0.011
22/12/2020,-0.522,-0.517,-0.457,-0.265,-0.008,-0.041
21/12/2020,-0.523,-0.521,-0.461,-0.259,0.002,-0.029
18/12/2020,-0.524,-0.521,-0.461,-0.263,0.001,-0.027
17/12/2020,-0.524,-0.525,-0.469,-0.268,-0.002,-0.025
16/12/2020,-0.53,-0.528,-0.467,-0.264,-0.007,-0.032
15/12/2020,-0.536,-0.543,-0.489,-0.291,-0.034,-0.059
14/12/2020,-0.539,-0.547,-0.496,-0.295,-0.041,-0.066
11/12/2020,-0.538,-0.549,-0.5,-0.306,-0.055,-0.081
10/12/2020,-0.537,-0.543,-0.484,-0.278,-0.01,-0.028
09/12/2020,-0.539,-0.545,-0.487,-0.274,-0.001,-0.018
08/12/2020,-0.534,-0.543,-0.485,-0.273,0,-0.018
07/12/2020,-0.53,-0.539,-0.473,-0.257,0.019,0.001
04/12/2020,-0.525,-0.532,-0.459,-0.235,0.042,0.025
03/12/2020,-0.519,-0.523,-0.457,-0.24,0.033,0.014
02/12/2020,-0.515,-0.514,-0.443,-0.226,0.047,0.026
01/12/2020,-0.514,-0.512,-0.442,-0.226,0.043,0.021
30/11/2020,-0.517,-0.519,-0.457,-0.25,0.019,-0.004
27/11/2020,-0.515,-0.517,-0.46,-0.258,0.012,-0.012
26/11/2020,-0.515,-0.519,-0.459,-0.254,0.019,-0.004
25/11/2020,-0.514,-0.516,-0.453,-0.239,0.037,0.015
24/11/2020,-0.516,-0.517,-0.448,-0.234,0.045,0.024
23/11/2020,-0.517,-0.522,-0.462,-0.248,0.033,0.012
20/11/2020,-0.521,-0.527,-0.467,-0.256,0.022,-0.001
19/11/2020,-0.521,-0.526,-0.458,-0.242,0.031,0.007
18/11/2020,-0.519,-0.519,-0.447,-0.223,0.054,0.032
17/11/2020,-0.515,-0.519,-0.453,-0.234,0.047,0.024
16/11/2020,-0.513,-0.517,-0.445,-0.222,0.06,0.038
13/11/2020,-0.513,-0.517,-0.45,-0.222,0.065,0.045
12/11/2020,-0.51,-0.511,-0.444,-0.211,0.074,0.053
11/11/2020,-0.508,-0.506,-0.429,-0.188,0.105,0.088
10/11/2020,-0.509,-0.506,-0.42,-0.176,0.117,0.099
09/11/2020,-0.513,-0.516,-0.434,-0.192,0.097,0.078
06/11/2020,-0.528,-0.542,-0.483,-0.262,0.013,-0.011
05/11/2020,-0.526,-0.541,-0.486,-0.277,-0.01,-0.038
04/11/2020,-0.529,-0.539,-0.486,-0.271,-0.008,-0.039
03/11/2020,-0.526,-0.537,-0.475,-0.255,0.005,-0.027
02/11/2020,-0.528,-0.543,-0.484,-0.267,-0.006,-0.039
30/10/2020,-0.532,-0.545,-0.488,-0.274,-0.017,-0.053
29/10/2020,-0.526,-0.538,-0.484,-0.271,-0.015,-0.05
28/10/2020,-0.516,-0.531,-0.477,-0.277,-0.029,-0.067
27/10/2020,-0.515,-0.531,-0.477,-0.278,-0.02,-0.052
26/10/2020,-0.505,-0.515,-0.459,-0.251,0.013,-0.016
23/10/2020,-0.506,-0.514,-0.457,-0.246,0.021,-0.007
22/10/2020,-0.508,-0.519,-0.457,-0.242,0.027,-0.001
21/10/2020,-0.508,-0.521,-0.463,-0.257,0.004,-0.028
20/10/2020,-0.509,-0.521,-0.465,-0.267,-0.009,-0.042
19/10/2020,-0.513,-0.532,-0.49,-0.298,-0.042,-0.073
16/10/2020,-0.513,-0.528,-0.485,-0.3,-0.048,-0.079
15/10/2020,-0.51,-0.522,-0.478,-0.291,-0.039,-0.071
14/10/2020,-0.507,-0.517,-0.469,-0.271,-0.008,-0.036
13/10/2020,-0.5,-0.511,-0.456,-0.251,0.018,-0.007
12/10/2020,-0.499,-0.507,-0.446,-0.233,0.037,0.012
09/10/2020,-0.499,-0.506,-0.443,-0.222,0.05,0.024
08/10/2020,-0.5,-0.505,-0.438,-0.225,0.041,0.013
07/10/2020,-0.498,-0.499,-0.428,-0.211,0.058,0.03
06/10/2020,-0.49,-0.495,-0.427,-0.218,0.047,0.019
05/10/2020,-0.493,-0.496,-0.43,-0.221,0.044,0.015
02/10/2020,-0.487,-0.495,-0.439,-0.236,0.026,-0.005
01/10/2020,-0.487,-0.49,-0.433,-0.231,0.028,-0.005
30/09/2020,-0.485,-0.485,-0.428,-0.229,0.026,-0.009
29/09/2020,-0.486,-0.491,-0.437,-0.246,0,-0.038
28/09/2020,-0.483,-0.489,-0.428,-0.233,0.017,-0.02
25/09/2020,-0.479,-0.485,-0.431,-0.238,0.006,-0.033
24/09/2020,-0.481,-0.484,-0.421,-0.224,0.029,-0.005
23/09/2020,-0.481,-0.488,-0.427,-0.22,0.038,0.006
22/09/2020,-0.487,-0.493,-0.435,-0.229,0.032,0.002
21/09/2020,-0.49,-0.5,-0.439,-0.238,0.017,-0.016
18/09/2020,-0.482,-0.486,-0.424,-0.222,0.041,0.011
17/09/2020,-0.478,-0.485,-0.429,-0.23,0.033,0.003
16/09/2020,-0.475,-0.477,-0.412,-0.216,0.05,0.021
15/09/2020,-0.469,-0.472,-0.414,-0.211,0.057,0.026
14/09/2020,-0.469,-0.474,-0.419,-0.213,0.055,0.025
11/09/2020,-0.463,-0.468,-0.418,-0.211,0.057,0.027
10/09/2020,-0.458,-0.454,-0.389,-0.173,0.095,0.064
09/09/2020,-0.466,-0.466,-0.405,-0.186,0.088,0.062
08/09/2020,-0.468,-0.476,-0.428,-0.222,0.049,0.024
07/09/2020,-0.465,-0.471,-0.412,-0.198,0.074,0.052
04/09/2020,-0.463,-0.469,-0.407,-0.19,0.075,0.05
03/09/2020,-0.463,-0.467,-0.417,-0.216,0.046,0.017
02/09/2020,-0.457,-0.461,-0.409,-0.199,0.07,0.047
01/09/2020,-0.443,-0.442,-0.379,-0.159,0.116,0.098
31/08/2020,-0.442,-0.433,-0.362,-0.145,0.129,0.11
28/08/2020,-0.44,-0.433,-0.363,-0.139,0.141,0.12
27/08/2020,-0.434,-0.428,-0.357,-0.136,0.136,0.106
26/08/2020,-0.437,-0.429,-0.364,-0.16,0.104,0.069
25/08/2020,-0.442,-0.435,-0.376,-0.179,0.083,0.047
24/08/2020,-0.447,-0.447,-0.398,-0.216,0.038,0
21/08/2020,-0.448,-0.449,-0.406,-0.226,0.024,-0.015
20/08/2020,-0.446,-0.444,-0.397,-0.22,0.024,-0.017
19/08/2020,-0.439,-0.435,-0.387,-0.202,0.046,0.006
18/08/2020,-0.435,-0.431,-0.38,-0.198,0.048,0.009
17/08/2020,-0.429,-0.421,-0.37,-0.185,0.065,0.026
14/08/2020,-0.427,-0.412,-0.347,-0.157,0.094,0.053
13/08/2020,-0.424,-0.408,-0.343,-0.15,0.1,0.06
12/08/2020,-0.425,-0.414,-0.366,-0.188,0.063,0.022
11/08/2020,-0.427,-0.424,-0.376,-0.202,0.043,-0.001
10/08/2020,-0.429,-0.433,-0.402,-0.245,-0.009,-0.059
07/08/2020,-0.422,-0.422,-0.381,-0.218,0.015,-0.037
06/08/2020,-0.425,-0.429,-0.395,-0.24,-0.011,-0.063
05/08/2020,-0.423,-0.427,-0.384,-0.22,0.006,-0.046
04/08/2020,-0.428,-0.437,-0.414,-0.262,-0.04,-0.096
03/08/2020,-0.423,-0.429,-0.393,-0.23,-0.002,-0.054
31/07/2020,-0.419,-0.431,-0.395,-0.229,-0.002,-0.056
30/07/2020,-0.414,-0.429,-0.407,-0.255,-0.036,-0.092
29/07/2020,-0.4,-0.411,-0.377,-0.218,0.004,-0.048
28/07/2020,-0.396,-0.414,-0.389,-0.239,-0.022,-0.077
27/07/2020,-0.388,-0.403,-0.375,-0.22,-0.003,-0.057
24/07/2020,-0.384,-0.396,-0.355,-0.191,0.033,-0.018
23/07/2020,-0.39,-0.408,-0.379,-0.214,0.01,-0.039
22/07/2020,-0.38,-0.404,-0.387,-0.224,0.006,-0.04
21/07/2020,-0.377,-0.4,-0.374,-0.205,0.028,-0.017
20/07/2020,-0.371,-0.39,-0.365,-0.194,0.039,-0.006
17/07/2020,-0.37,-0.389,-0.352,-0.178,0.059,0.018
16/07/2020,-0.374,-0.393,-0.367,-0.196,0.041,-0.001
15/07/2020,-0.359,-0.382,-0.351,-0.185,0.044,-0.003
14/07/2020,-0.354,-0.373,-0.341,-0.18,0.045,-0.005
13/07/2020,-0.356,-0.373,-0.334,-0.154,0.084,0.039
10/07/2020,-0.365,-0.39,-0.357,-0.188,0.042,-0.005
09/07/2020,-0.36,-0.382,-0.352,-0.185,0.048,0.005
08/07/2020,-0.358,-0.379,-0.339,-0.166,0.071,0.031
07/07/2020,-0.355,-0.379,-0.346,-0.164,0.083,0.047
06/07/2020,-0.355,-0.386,-0.347,-0.161,0.095,0.065
03/07/2020,-0.36,-0.389,-0.347,-0.159,0.096,0.061
02/07/2020,-0.354,-0.386,-0.351,-0.164,0.085,0.047
01/07/2020,-0.349,-0.379,-0.329,-0.138,0.106,0.064
30/06/2020,-0.356,-0.388,-0.354,-0.173,0.076,0.035
29/06/2020,-0.344,-0.381,-0.348,-0.178,0.059,0.012
26/06/2020,-0.344,-0.383,-0.358,-0.185,0.048,-0.003
25/06/2020,-0.329,-0.372,-0.344,-0.167,0.068,0.018
24/06/2020,-0.332,-0.368,-0.34,-0.159,0.088,0.048
23/06/2020,-0.323,-0.361,-0.328,-0.142,0.118,0.093
22/06/2020,-0.326,-0.374,-0.344,-0.164,0.082,0.045
19/06/2020,-0.309,-0.356,-0.328,-0.147,0.096,0.058
18/06/2020,-0.304,-0.348,-0.315,-0.143,0.09,0.05
17/06/2020,-0.29,-0.334,-0.3,-0.114,0.126,0.091
16/06/2020,-0.282,-0.325,-0.297,-0.12,0.121,0.084
15/06/2020,-0.28,-0.326,-0.301,-0.128,0.107,0.068
12/06/2020,-0.277,-0.325,-0.305,-0.126,0.106,0.056
11/06/2020,-0.261,-0.31,-0.289,-0.111,0.117,0.06
10/06/2020,-0.262,-0.297,-0.246,-0.048,0.191,0.136
09/06/2020,-0.265,-0.3,-0.241,-0.025,0.225,0.175
08/06/2020,-0.272,-0.312,-0.267,-0.048,0.211,0.171
05/06/2020,-0.268,-0.3,-0.237,-0.011,0.252,0.221
04/06/2020,-0.257,-0.298,-0.245,-0.033,0.222,0.195
03/06/2020,-0.253,-0.294,-0.248,-0.062,0.17,0.132
02/06/2020,-0.259,-0.306,-0.269,-0.091,0.137,0.1
01/06/2020,-0.245,-0.296,-0.277,-0.102,0.123,0.081
29/05/2020,-0.242,-0.297,-0.287,-0.128,0.088,0.037
28/05/2020,-0.226,-0.285,-0.267,-0.107,0.101,0.044
27/05/2020,-0.228,-0.284,-0.266,-0.11,0.092,0.021
26/05/2020,-0.214,-0.274,-0.257,-0.104,0.092,0.017
25/05/2020,-0.224,-0.288,-0.284,-0.139,0.057,-0.02
22/05/2020,-0.232,-0.295,-0.289,-0.137,0.058,-0.02
21/05/2020,-0.229,-0.295,-0.285,-0.137,0.058,-0.02
20/05/2020,-0.218,-0.283,-0.274,-0.128,0.058,-0.023
19/05/2020,-0.215,-0.279,-0.274,-0.126,0.056,-0.027
18/05/2020,-0.219,-0.286,-0.283,-0.129,0.06,-0.021
15/05/2020,-0.215,-0.288,-0.297,-0.156,0.027,-0.061
14/05/2020,-0.225,-0.298,-0.311,-0.163,0.023,-0.065
13/05/2020,-0.229,-0.302,-0.303,-0.15,0.035,-0.053
12/05/2020,-0.228,-0.296,-0.298,-0.136,0.051,-0.038
11/05/2020,-0.232,-0.3,-0.291,-0.116,0.089,0.002
08/05/2020,-0.239,-0.313,-0.297,-0.114,0.097,0.014
07/05/2020,-0.224,-0.307,-0.31,-0.143,0.067,-0.017
06/05/2020,-0.236,-0.311,-0.296,-0.106,0.106,0.022
05/05/2020,-0.263,-0.338,-0.328,-0.158,0.053,-0.034
04/05/2020,-0.265,-0.333,-0.321,-0.142,0.066,-0.026
30/04/2020,-0.272,-0.341,-0.326,-0.157,0.037,-0.06
29/04/2020,-0.251,-0.303,-0.268,-0.09,0.102,0.001
28/04/2020,-0.249,-0.294,-0.253,-0.07,0.126,0.024
27/04/2020,-0.221,-0.265,-0.228,-0.052,0.136,0.03
24/04/2020,-0.209,-0.26,-0.238,-0.068,0.115,0.009
23/04/2020,-0.165,-0.207,-0.183,-0.021,0.159,0.06
22/04/2020,-0.157,-0.194,-0.163,0.003,0.192,0.101
21/04/2020,-0.194,-0.227,-0.21,-0.054,0.139,0.05
20/04/2020,-0.22,-0.258,-0.224,-0.046,0.157,0.072
17/04/2020,-0.24,-0.289,-0.254,-0.079,0.122,0.035
16/04/2020,-0.242,-0.292,-0.26,-0.092,0.108,0.02
15/04/2020,-0.251,-0.293,-0.239,-0.059,0.143,0.056
14/04/2020,-0.258,-0.291,-0.216,-0.017,0.201,0.121
13/04/2020,-0.239,-0.271,-0.193,0.011,0.223,0.143
09/04/2020,-0.239,-0.271,-0.193,0.011,0.223,0.143
08/04/2020,-0.229,-0.247,-0.169,0.043,0.256,0.177
07/04/2020,-0.245,-0.251,-0.161,0.052,0.267,0.191
06/04/2020,-0.276,-0.292,-0.224,-0.018,0.199,0.127
03/04/2020,-0.298,-0.309,-0.239,-0.04,0.166,0.088
02/04/2020,-0.296,-0.304,-0.223,-0.036,0.176,0.108
01/04/2020,-0.304,-0.311,-0.236,-0.033,0.201,0.146
31/03/2020,-0.317,-0.323,-0.238,-0.024,0.224,0.171
30/03/2020,-0.313,-0.326,-0.25,-0.041,0.199,0.143
27/03/2020,-0.314,-0.324,-0.231,-0.016,0.217,0.157
26/03/2020,-0.301,-0.295,-0.194,0.049,0.291,0.232
25/03/2020,-0.294,-0.267,-0.119,0.118,0.324,0.247
24/03/2020,-0.312,-0.285,-0.153,0.066,0.258,0.166
23/03/2020,-0.316,-0.299,-0.184,0.018,0.18,0.078
20/03/2020,-0.321,-0.299,-0.164,0.047,0.199,0.087
19/03/2020,-0.33,-0.284,-0.107,0.112,0.255,0.131
18/03/2020,-0.364,-0.335,-0.138,0.108,0.238,0.09
17/03/2020,-0.393,-0.381,-0.245,-0.044,0.06,-0.098
16/03/2020,-0.398,-0.397,-0.259,-0.072,0.039,-0.106
13/03/2020,-0.401,-0.392,-0.279,-0.102,0.036,-0.099
12/03/2020,-0.458,-0.461,-0.377,-0.231,-0.106,-0.252
11/03/2020,-0.492,-0.512,-0.418,-0.263,-0.119,-0.25
10/03/2020,-0.476,-0.489,-0.401,-0.25,-0.089,-0.163
09/03/2020,-0.474,-0.498,-0.462,-0.327,-0.123,-0.158
06/03/2020,-0.455,-0.467,-0.418,-0.248,0.028,0.028
05/03/2020,-0.458,-0.473,-0.427,-0.231,0.081,0.093
04/03/2020,-0.469,-0.491,-0.424,-0.214,0.104,0.118
03/03/2020,-0.468,-0.482,-0.41,-0.205,0.106,0.118
02/03/2020,-0.452,-0.47,-0.406,-0.201,0.103,0.111
28/02/2020,-0.42,-0.429,-0.369,-0.176,0.126,0.136
27/02/2020,-0.399,-0.407,-0.343,-0.138,0.183,0.204
26/02/2020,-0.4,-0.407,-0.34,-0.125,0.204,0.226
25/02/2020,-0.392,-0.406,-0.351,-0.149,0.169,0.186
24/02/2020,-0.384,-0.389,-0.335,-0.132,0.187,0.205
21/02/2020,-0.375,-0.373,-0.304,-0.095,0.234,0.253
20/02/2020,-0.377,-0.377,-0.314,-0.098,0.239,0.26
19/02/2020,-0.375,-0.379,-0.31,-0.078,0.287,0.316
18/02/2020,-0.381,-0.384,-0.303,-0.063,0.305,0.336
17/02/2020,-0.379,-0.38,-0.297,-0.051,0.319,0.352
14/02/2020,-0.382,-0.382,-0.296,-0.049,0.32,0.352
13/02/2020,-0.376,-0.372,-0.285,-0.04,0.331,0.364
12/02/2020,-0.377,-0.369,-0.274,-0.022,0.353,0.388
11/02/2020,-0.37,-0.366,-0.275,-0.025,0.349,0.386
10/02/2020,-0.364,-0.364,-0.288,-0.049,0.32,0.356
07/02/2020,-0.359,-0.357,-0.265,-0.013,0.359,0.395
06/02/2020,-0.358,-0.352,-0.251,0.007,0.385,0.424
05/02/2020,-0.36,-0.35,-0.245,0.016,0.395,0.434
04/02/2020,-0.36,-0.359,-0.269,-0.022,0.345,0.381
03/02/2020,-0.366,-0.373,-0.301,-0.059,0.303,0.336
31/01/2020,-0.366,-0.372,-0.298,-0.054,0.305,0.339
30/01/2020,-0.363,-0.364,-0.277,-0.03,0.335,0.372
29/01/2020,-0.354,-0.349,-0.254,0,0.372,0.413
28/01/2020,-0.349,-0.336,-0.239,0.023,0.397,0.438
27/01/2020,-0.346,-0.342,-0.266,-0.02,0.351,0.391
24/01/2020,-0.333,-0.32,-0.227,0.037,0.417,0.459
23/01/2020,-0.327,-0.314,-0.21,0.063,0.448,0.49
22/01/2020,-0.328,-0.305,-0.18,0.103,0.489,0.531
21/01/2020,-0.331,-0.303,-0.172,0.113,0.499,0.541
20/01/2020,-0.333,-0.305,-0.157,0.141,0.535,0.579
17/01/2020,-0.332,-0.305,-0.155,0.147,0.539,0.583
16/01/2020,-0.33,-0.305,-0.157,0.146,0.539,0.582
15/01/2020,-0.333,-0.301,-0.144,0.163,0.555,0.597
14/01/2020,-0.33,-0.296,-0.127,0.187,0.582,0.624
13/01/2020,-0.325,-0.296,-0.13,0.188,0.588,0.632
10/01/2020,-0.332,-0.305,-0.153,0.154,0.543,0.583
09/01/2020,-0.332,-0.304,-0.148,0.163,0.554,0.591
08/01/2020,-0.334,-0.314,-0.168,0.144,0.539,0.577
07/01/2020,-0.332,-0.321,-0.196,0.11,0.499,0.532
06/01/2020,-0.33,-0.317,-0.189,0.109,0.492,0.524
03/01/2020,-0.328,-0.314,-0.181,0.118,0.5,0.531
02/01/2020,-0.322,-0.299,-0.146,0.17,0.555,0.586
31/12/2019,-0.321,-0.292,-0.13,0.204,0.582,0.615
30/12/2019,-0.322,-0.291,-0.113,0.153,0.595,0.628
27/12/2019,-0.325,-0.3,-0.155,0.162,0.541,0.574
23/12/2019,-0.334,-0.311,-0.15,0.147,0.547,0.578
20/12/2019,-0.33,-0.31,-0.16,0.151,0.529,0.559
19/12/2019,-0.338,-0.314,-0.161,0.15,0.534,0.566
18/12/2019,-0.342,-0.319,-0.161,0.105,0.531,0.562
17/12/2019,-0.339,-0.323,-0.188,0.115,0.483,0.512
16/12/2019,-0.337,-0.322,-0.184,0.09,0.499,0.53
13/12/2019,-0.336,-0.322,-0.195,0.124,0.468,0.499
12/12/2019,-0.34,-0.323,-0.179,0.083,0.514,0.547
11/12/2019,-0.344,-0.334,-0.211,0.107,0.468,0.502
10/12/2019,-0.343,-0.332,-0.194,0.099,0.491,0.525
09/12/2019,-0.343,-0.33,-0.195,0.113,0.48,0.515
06/12/2019,-0.34,-0.323,-0.183,0.108,0.491,0.525
05/12/2019,-0.342,-0.323,-0.19,0.088,0.482,0.514
04/12/2019,-0.345,-0.336,-0.212,0.055,0.466,0.5
03/12/2019,-0.343,-0.337,-0.23,0.119,0.426,0.459
02/12/2019,-0.343,-0.324,-0.187,0.058,0.498,0.531
29/11/2019,-0.346,-0.338,-0.225,0.048,0.429,0.461
28/11/2019,-0.352,-0.346,-0.237,0.037,0.423,0.456
27/11/2019,-0.349,-0.345,-0.24,0.047,0.412,0.445
26/11/2019,-0.346,-0.343,-0.237,0.069,0.428,0.465
25/11/2019,-0.346,-0.338,-0.224,0.054,0.449,0.485
22/11/2019,-0.346,-0.341,-0.227,0.091,0.427,0.461
21/11/2019,-0.343,-0.331,-0.205,0.061,0.471,0.506
20/11/2019,-0.346,-0.342,-0.232,0.073,0.439,0.475
19/11/2019,-0.342,-0.335,-0.225,0.08,0.452,0.488
18/11/2019,-0.34,-0.334,-0.218,0.074,0.458,0.495
15/11/2019,-0.341,-0.34,-0.228,0.063,0.449,0.486
14/11/2019,-0.341,-0.342,-0.236,0.103,0.436,0.472
13/11/2019,-0.346,-0.342,-0.211,0.136,0.486,0.525
12/11/2019,-0.34,-0.335,-0.192,0.152,0.53,0.57
11/11/2019,-0.34,-0.331,-0.181,0.146,0.546,0.586
08/11/2019,-0.334,-0.327,-0.178,0.168,0.538,0.576
07/11/2019,-0.338,-0.324,-0.163,0.07,0.561,0.6
06/11/2019,-0.353,-0.351,-0.237,0.101,0.463,0.501
05/11/2019,-0.354,-0.349,-0.225,0.072,0.5,0.54
04/11/2019,-0.36,-0.361,-0.244,0.042,0.469,0.509
01/11/2019,-0.363,-0.365,-0.256,0.02,0.426,0.464
31/10/2019,-0.362,-0.367,-0.266,0.067,0.394,0.429
30/10/2019,-0.355,-0.352,-0.231,0.066,0.451,0.489
29/10/2019,-0.354,-0.349,-0.232,0.08,0.444,0.483
28/10/2019,-0.358,-0.351,-0.225,0.055,0.46,0.502
25/10/2019,-0.362,-0.353,-0.246,0.011,0.434,0.474
24/10/2019,-0.365,-0.367,-0.273,0.007,0.372,0.409
23/10/2019,-0.367,-0.368,-0.274,0.045,0.363,0.398
22/10/2019,-0.364,-0.364,-0.255,0.07,0.417,0.458
21/10/2019,-0.364,-0.365,-0.245,0.034,0.464,0.51
18/10/2019,-0.37,-0.371,-0.258,0.001,0.417,0.461
17/10/2019,-0.373,-0.38,-0.288,0.027,0.377,0.419
16/10/2019,-0.377,-0.382,-0.282,0.005,0.41,0.454
15/10/2019,-0.384,-0.393,-0.298,-0.044,0.386,0.428
14/10/2019,-0.391,-0.413,-0.331,-0.025,0.329,0.368
11/10/2019,-0.397,-0.42,-0.329,-0.059,0.355,0.396
10/10/2019,-0.41,-0.428,-0.341,-0.118,0.3,0.337
09/10/2019,-0.427,-0.455,-0.385,-0.158,0.242,0.28
08/10/2019,-0.441,-0.477,-0.423,-0.15,0.197,0.233
07/10/2019,-0.44,-0.475,-0.418,-0.168,0.202,0.236
04/10/2019,-0.442,-0.478,-0.428,-0.171,0.185,0.219
03/10/2019,-0.439,-0.473,-0.426,-0.144,0.177,0.21
02/10/2019,-0.432,-0.462,-0.408,-0.13,0.209,0.242
01/10/2019,-0.428,-0.452,-0.399,-0.151,0.221,0.256
30/09/2019,-0.426,-0.453,-0.406,-0.161,0.19,0.223
27/09/2019,-0.423,-0.457,-0.409,-0.164,0.171,0.202
26/09/2019,-0.42,-0.449,-0.401,-0.152,0.155,0.182
25/09/2019,-0.413,-0.438,-0.399,-0.208,0.173,0.204
24/09/2019,-0.415,-0.446,-0.427,-0.172,0.111,0.14
23/09/2019,-0.407,-0.438,-0.406,-0.118,0.172,0.205
20/09/2019,-0.392,-0.413,-0.371,-0.109,0.245,0.282
19/09/2019,-0.403,-0.424,-0.377,-0.108,0.264,0.303
18/09/2019,-0.408,-0.436,-0.388,-0.064,0.272,0.313
17/09/2019,-0.405,-0.43,-0.364,-0.048,0.331,0.376
16/09/2019,-0.401,-0.426,-0.362,0.005,0.362,0.412
13/09/2019,-0.411,-0.426,-0.336,-0.078,0.42,0.471
12/09/2019,-0.429,-0.439,-0.372,-0.137,0.312,0.359
11/09/2019,-0.47,-0.505,-0.448,-0.134,0.259,0.31
10/09/2019,-0.474,-0.511,-0.452,-0.17,0.259,0.316
09/09/2019,-0.476,-0.519,-0.473,-0.21,0.207,0.262
06/09/2019,-0.482,-0.525,-0.491,-0.16,0.157,0.208
05/09/2019,-0.486,-0.526,-0.469,-0.256,0.237,0.299
04/09/2019,-0.507,-0.556,-0.521,-0.279,0.088,0.135
03/09/2019,-0.515,-0.565,-0.53,-0.277,0.044,0.086
02/09/2019,-0.512,-0.571,-0.537,-0.271,0.065,0.114
30/08/2019,-0.498,-0.557,-0.524,-0.282,0.056,0.102
29/08/2019,-0.494,-0.551,-0.527,-0.301,0.04,0.084
28/08/2019,-0.49,-0.537,-0.522,-0.273,0.004,0.045
27/08/2019,-0.486,-0.539,-0.511,-0.215,0.054,0.101
26/08/2019,-0.48,-0.529,-0.479,-0.225,0.14,0.196
23/08/2019,-0.478,-0.527,-0.478,-0.201,0.132,0.187
22/08/2019,-0.468,-0.505,-0.453,-0.248,0.151,0.207
21/08/2019,-0.486,-0.527,-0.489,-0.274,0.097,0.15
20/08/2019,-0.504,-0.555,-0.521,-0.252,0.078,0.133
19/08/2019,-0.499,-0.548,-0.508,-0.325,0.102,0.157
16/08/2019,-0.511,-0.569,-0.55,-0.33,0.002,0.053
15/08/2019,-0.505,-0.567,-0.553,-0.228,-0.011,0.032
14/08/2019,-0.474,-0.518,-0.478,-0.157,0.123,0.171
13/08/2019,-0.468,-0.511,-0.446,-0.139,0.214,0.264
12/08/2019,-0.469,-0.512,-0.441,-0.122,0.248,0.301
09/08/2019,-0.467,-0.512,-0.437,-0.103,0.276,0.332
08/08/2019,-0.46,-0.501,-0.424,-0.132,0.302,0.361
07/08/2019,-0.46,-0.504,-0.432,-0.093,0.253,0.306
06/08/2019,-0.445,-0.479,-0.398,-0.089,0.3,0.355
05/08/2019,-0.435,-0.472,-0.394,-0.069,0.305,0.359
02/08/2019,-0.428,-0.46,-0.374,-0.021,0.327,0.382
01/08/2019,-0.421,-0.452,-0.357,0.005,0.413,0.481
31/07/2019,-0.421,-0.449,-0.345,0.048,0.454,0.527
30/07/2019,-0.409,-0.432,-0.316,0.05,0.506,0.581
29/07/2019,-0.411,-0.436,-0.317,0.06,0.508,0.584
26/07/2019,-0.418,-0.438,-0.312,0.052,0.522,0.597
25/07/2019,-0.43,-0.456,-0.331,0.065,0.528,0.607
24/07/2019,-0.428,-0.454,-0.32,0.093,0.538,0.613
23/07/2019,-0.423,-0.45,-0.309,0.101,0.579,0.656
22/07/2019,-0.42,-0.447,-0.303,0.115,0.584,0.659
19/07/2019,-0.416,-0.444,-0.297,0.126,0.601,0.677
18/07/2019,-0.41,-0.432,-0.28,0.138,0.606,0.679
17/07/2019,-0.411,-0.426,-0.268,0.176,0.61,0.681
16/07/2019,-0.404,-0.417,-0.243,0.197,0.652,0.723
15/07/2019,-0.394,-0.406,-0.226,0.236,0.673,0.745
12/07/2019,-0.388,-0.394,-0.2,0.231,0.722,0.796
11/07/2019,-0.387,-0.39,-0.197,0.173,0.713,0.786
10/07/2019,-0.384,-0.394,-0.224,0.138,0.637,0.705
09/07/2019,-0.381,-0.392,-0.245,0.105,0.599,0.669
08/07/2019,-0.387,-0.401,-0.267,0.108,0.563,0.634
05/07/2019,-0.388,-0.401,-0.272,0.078,0.576,0.649
04/07/2019,-0.391,-0.412,-0.29,0.109,0.545,0.619
03/07/2019,-0.39,-0.412,-0.276,0.149,0.586,0.661
02/07/2019,-0.383,-0.405,-0.263,0.162,0.642,0.72
01/07/2019,-0.37,-0.392,-0.249,0.175,0.645,0.718
28/06/2019,-0.364,-0.383,-0.231,0.184,0.653,0.723
27/06/2019,-0.362,-0.375,-0.222,0.206,0.652,0.718
26/06/2019,-0.358,-0.368,-0.202,0.185,0.674,0.74
25/06/2019,-0.36,-0.375,-0.218,0.208,0.654,0.72
24/06/2019,-0.356,-0.368,-0.206,0.235,0.678,0.743
21/06/2019,-0.35,-0.36,-0.188,0.204,0.71,0.776
20/06/2019,-0.356,-0.371,-0.212,0.222,0.674,0.739
19/06/2019,-0.35,-0.366,-0.202,0.198,0.699,0.767
18/06/2019,-0.343,-0.374,-0.228,0.258,0.682,0.752
17/06/2019,-0.306,-0.323,-0.161,0.244,0.742,0.81
14/06/2019,-0.304,-0.324,-0.169,0.264,0.723,0.792
13/06/2019,-0.298,-0.315,-0.158,0.277,0.752,0.83
12/06/2019,-0.295,-0.308,-0.15,0.277,0.772,0.857
11/06/2019,-0.291,-0.302,-0.149,0.295,0.769,0.854
10/06/2019,-0.29,-0.3,-0.139,0.252,0.788,0.873
07/06/2019,-0.29,-0.302,-0.153,0.273,0.722,0.799
06/06/2019,-0.282,-0.285,-0.131,0.282,0.748,0.828
05/06/2019,-0.289,-0.298,-0.145,0.309,0.773,0.857
04/06/2019,-0.28,-0.279,-0.107,0.324,0.794,0.875
03/06/2019,-0.279,-0.276,-0.102,0.336,0.815,0.896
31/05/2019,-0.279,-0.277,-0.097,0.359,0.836,0.918
30/05/2019,-0.271,-0.265,-0.082,0.356,0.869,0.953
29/05/2019,-0.267,-0.261,-0.08,0.371,0.863,0.946
28/05/2019,-0.264,-0.255,-0.069,0.385,0.884,0.968
27/05/2019,-0.261,-0.251,-0.056,0.408,0.898,0.979
24/05/2019,-0.262,-0.247,-0.047,0.4,0.926,1.009
23/05/2019,-0.263,-0.251,-0.056,0.43,0.918,1.001
22/05/2019,-0.262,-0.245,-0.036,0.446,0.949,1.032
21/05/2019,-0.263,-0.243,-0.026,0.443,0.963,1.044
20/05/2019,-0.261,-0.243,-0.027,0.427,0.956,1.036
17/05/2019,-0.259,-0.244,-0.031,0.436,0.937,1.017
16/05/2019,-0.253,-0.234,-0.021,0.421,0.941,1.018
15/05/2019,-0.25,-0.232,-0.028,0.444,0.922,0.996
14/05/2019,-0.242,-0.223,-0.017,0.452,0.95,1.025
13/05/2019,-0.238,-0.213,-0.006,0.48,0.958,1.033
10/05/2019,-0.235,-0.208,0.01,0.482,0.998,1.077
09/05/2019,-0.236,-0.208,0.012,0.474,0.995,1.072
08/05/2019,-0.235,-0.207,0.008,0.472,0.987,1.064
07/05/2019,-0.234,-0.207,0.008,0.508,0.991,1.07
06/05/2019,-0.234,-0.2,0.032,0.522,1.026,1.103
03/05/2019,-0.233,-0.196,0.042,0.526,1.038,1.115
02/05/2019,-0.233,-0.193,0.046,0.509,1.043,1.12
30/04/2019,-0.231,-0.193,0.034,0.512,1.022,1.098
29/04/2019,-0.231,-0.193,0.037,0.494,1.029,1.107
26/04/2019,-0.23,-0.196,0.024,0.506,1.013,1.091
25/04/2019,-0.231,-0.195,0.029,0.49,1.027,1.107
24/04/2019,-0.234,-0.202,0.019,0.539,1.007,1.086
23/04/2019,-0.233,-0.196,0.051,0.523,1.059,1.139
22/04/2019,-0.235,-0.2,0.036,0.523,1.045,1.127
18/04/2019,-0.235,-0.2,0.036,0.576,1.045,1.127
17/04/2019,-0.234,-0.194,0.074,0.568,1.1,1.18
16/04/2019,-0.233,-0.196,0.065,0.555,1.098,1.181
15/04/2019,-0.232,-0.196,0.058,0.55,1.082,1.165
12/04/2019,-0.233,-0.196,0.057,0.499,1.07,1.151
11/04/2019,-0.237,-0.211,0.017,0.483,1.016,1.096
10/04/2019,-0.239,-0.219,0.003,0.515,1.001,1.081
09/04/2019,-0.234,-0.2,0.035,0.523,1.028,1.105
08/04/2019,-0.233,-0.199,0.043,0.527,1.032,1.108
05/04/2019,-0.235,-0.199,0.044,0.517,1.038,1.115
04/04/2019,-0.233,-0.198,0.038,0.527,1.029,1.107
03/04/2019,-0.233,-0.194,0.046,0.49,1.057,1.143
02/04/2019,-0.235,-0.205,0.021,0.504,1.008,1.091
01/04/2019,-0.232,-0.201,0.031,0.472,1.019,1.102
29/03/2019,-0.23,-0.2,0.014,0.458,0.983,1.065
28/03/2019,-0.231,-0.204,0.011,0.44,0.955,1.035
27/03/2019,-0.233,-0.212,-0.008,0.494,0.928,1.007
26/03/2019,-0.221,-0.175,0.053,0.48,0.969,1.042
25/03/2019,-0.222,-0.181,0.042,0.498,0.964,1.045
22/03/2019,-0.222,-0.178,0.051,0.551,0.995,1.078
21/03/2019,-0.222,-0.175,0.076,0.58,1.07,1.156
20/03/2019,-0.222,-0.167,0.093,0.593,1.108,1.195
19/03/2019,-0.224,-0.171,0.099,0.573,1.121,1.207
18/03/2019,-0.223,-0.172,0.084,0.588,1.102,1.187
15/03/2019,-0.225,-0.174,0.094,0.591,1.119,1.203
14/03/2019,-0.225,-0.174,0.098,0.576,1.12,1.203
13/03/2019,-0.224,-0.175,0.085,0.565,1.107,1.192
12/03/2019,-0.225,-0.177,0.08,0.57,1.094,1.178
11/03/2019,-0.226,-0.174,0.087,0.558,1.094,1.176
08/03/2019,-0.227,-0.177,0.078,0.586,1.078,1.155
07/03/2019,-0.228,-0.182,0.078,0.643,1.125,1.204
06/03/2019,-0.22,-0.158,0.124,0.686,1.178,1.255
05/03/2019,-0.215,-0.145,0.157,0.689,1.215,1.287
04/03/2019,-0.212,-0.14,0.161,0.709,1.218,1.289
01/03/2019,-0.211,-0.135,0.173,0.703,1.237,1.308
28/02/2019,-0.211,-0.138,0.17,0.673,1.228,1.297
27/02/2019,-0.213,-0.145,0.149,0.647,1.197,1.266
26/02/2019,-0.214,-0.151,0.124,0.643,1.173,1.243
25/02/2019,-0.217,-0.156,0.125,0.627,1.166,1.235
22/02/2019,-0.218,-0.158,0.113,0.657,1.145,1.213
21/02/2019,-0.219,-0.154,0.138,0.634,1.176,1.243
20/02/2019,-0.221,-0.169,0.111,0.648,1.155,1.223
19/02/2019,-0.224,-0.168,0.124,0.658,1.175,1.243
18/02/2019,-0.22,-0.161,0.129,0.652,1.184,1.249
15/02/2019,-0.216,-0.157,0.129,0.651,1.17,1.232
14/02/2019,-0.215,-0.152,0.132,0.665,1.165,1.227
13/02/2019,-0.216,-0.156,0.131,0.665,1.183,1.243
12/02/2019,-0.217,-0.161,0.125,0.656,1.186,1.247
11/02/2019,-0.215,-0.158,0.12,0.627,1.177,1.238
08/02/2019,-0.215,-0.16,0.1,0.652,1.145,1.208
07/02/2019,-0.213,-0.155,0.117,0.687,1.174,1.236
06/02/2019,-0.216,-0.151,0.149,0.699,1.205,1.261
05/02/2019,-0.218,-0.151,0.155,0.704,1.216,1.272
04/02/2019,-0.22,-0.152,0.156,0.702,1.222,1.279
01/02/2019,-0.221,-0.156,0.152,0.66,1.223,1.284
31/01/2019,-0.224,-0.17,0.124,0.705,1.171,1.23
30/01/2019,-0.221,-0.156,0.155,0.722,1.221,1.278
29/01/2019,-0.221,-0.16,0.162,0.74,1.24,1.297
28/01/2019,-0.221,-0.156,0.171,0.737,1.256,1.314
25/01/2019,-0.221,-0.151,0.18,0.716,1.246,1.3
24/01/2019,-0.222,-0.164,0.149,0.765,1.239,1.298
23/01/2019,-0.222,-0.155,0.182,0.78,1.291,1.35
22/01/2019,-0.222,-0.155,0.191,0.802,1.308,1.367
21/01/2019,-0.221,-0.148,0.205,0.81,1.334,1.393
18/01/2019,-0.222,-0.147,0.21,0.788,1.341,1.399
17/01/2019,-0.224,-0.16,0.185,0.783,1.318,1.377
16/01/2019,-0.224,-0.165,0.174,0.772,1.322,1.385
15/01/2019,-0.227,-0.172,0.162,0.794,1.315,1.379
14/01/2019,-0.226,-0.165,0.186,0.8,1.33,1.391
11/01/2019,-0.221,-0.151,0.2,0.814,1.331,1.391
10/01/2019,-0.22,-0.15,0.21,0.824,1.345,1.405
09/01/2019,-0.219,-0.146,0.223,0.815,1.349,1.407
08/01/2019,-0.22,-0.148,0.217,0.798,1.334,1.389
07/01/2019,-0.224,-0.16,0.195,0.794,1.32,1.377
04/01/2019,-0.226,-0.166,0.187,0.747,1.317,1.374
03/01/2019,-0.229,-0.182,0.15,0.749,1.27,1.328
02/01/2019,-0.234,-0.188,0.148,0.812,1.265,1.321
01/01/2019,-0.231,-0.174,0.198,0.812,1.325,1.379
31/12/2018,-0.231,-0.174,0.198,0.812,1.325,1.379
28/12/2018,-0.231,-0.174,0.198,0.822,1.325,1.379
27/12/2018,-0.234,-0.175,0.209,0.834,1.332,1.385
24/12/2018,-0.232,-0.164,0.225,0.834,1.341,1.391
21/12/2018,-0.232,-0.164,0.225,0.823,1.341,1.391
20/12/2018,-0.23,-0.16,0.229,0.832,1.32,1.37
19/12/2018,-0.227,-0.158,0.238,0.846,1.338,1.391
18/12/2018,-0.226,-0.153,0.25,0.866,1.352,1.405
17/12/2018,-0.225,-0.143,0.262,0.869,1.375,1.429
14/12/2018,-0.224,-0.141,0.263,0.882,1.378,1.432
13/12/2018,-0.224,-0.136,0.277,0.889,1.384,1.432
12/12/2018,-0.224,-0.132,0.289,0.859,1.377,1.418
11/12/2018,-0.226,-0.142,0.262,0.86,1.359,1.405
10/12/2018,-0.228,-0.14,0.269,0.859,1.357,1.403
07/12/2018,-0.228,-0.14,0.268,0.849,1.365,1.416
06/12/2018,-0.23,-0.144,0.265,0.864,1.354,1.408
05/12/2018,-0.23,-0.14,0.271,0.84,1.375,1.431
04/12/2018,-0.235,-0.156,0.245,0.876,1.347,1.403
03/12/2018,-0.238,-0.152,0.273,0.879,1.393,1.453
30/11/2018,-0.24,-0.152,0.273,0.888,1.397,1.458
29/11/2018,-0.243,-0.153,0.283,0.911,1.405,1.467
28/11/2018,-0.244,-0.145,0.305,0.903,1.425,1.486
27/11/2018,-0.244,-0.144,0.298,0.909,1.417,1.476
26/11/2018,-0.242,-0.14,0.309,0.902,1.416,1.472
23/11/2018,-0.242,-0.14,0.302,0.919,1.41,1.466
22/11/2018,-0.24,-0.135,0.315,0.922,1.428,1.483
21/11/2018,-0.24,-0.135,0.313,0.92,1.43,1.485
20/11/2018,-0.24,-0.134,0.317,0.934,1.429,1.486
19/11/2018,-0.237,-0.127,0.322,0.943,1.447,1.505
16/11/2018,-0.237,-0.128,0.327,0.928,1.455,1.513
15/11/2018,-0.238,-0.128,0.32,0.948,1.442,1.5
14/11/2018,-0.237,-0.123,0.342,0.955,1.455,1.511
13/11/2018,-0.238,-0.116,0.351,0.955,1.459,1.513
12/11/2018,-0.239,-0.119,0.349,,1.46,1.517
,,,,,,
,,,,,,
