02/04/2024,1y,2y,5y,10y,20y,30y
11/22/2018,USOSFR1 Curncy,USOSFR2 Curncy,USOSFR5 Curncy,USOSFR10 Curncy,USOSFR20 Curncy,USOSFR30 Curncy
02/02/24,4.86,4.237,3.7314,3.6605,3.6757,3.513
02/01/24,4.708,4.0579,3.5625,3.5208,3.5612,3.409
01/31/24,4.7279,4.0715,3.5796,3.5488,3.6027,3.455
01/30/24,4.8092,4.1977,3.7175,3.6721,3.7068,3.5491
01/29/24,4.7947,4.1771,3.7292,3.7127,3.7643,3.6128
01/26/24,4.8057,4.2054,3.779,3.7716,3.8182,3.6632
01/25/24,4.776,4.1549,3.746,3.7552,3.816,3.6662
01/24/24,4.8462,4.2432,3.8226,3.8102,3.8578,3.703
01/23/24,4.82,4.205,3.7765,3.7635,3.8119,3.6575
01/22/24,4.8504,4.226,3.7688,3.7413,3.7801,3.6221
01/19/24,4.8384,4.2295,3.7912,3.7558,3.7874,3.6269
01/18/24,4.7967,4.1874,3.7771,3.7638,3.8109,3.6566
01/17/24,4.8163,4.2034,3.7553,3.7212,3.7576,3.6001
01/16/24,4.7121,4.0614,3.6559,3.6677,3.7292,3.5805
01/12/24,4.6385,3.9766,3.5505,3.5476,3.6085,3.4604
01/11/24,4.7227,4.0733,3.5955,3.581,3.6292,3.475
01/10/24,4.8195,4.1926,3.6876,3.6436,3.6728,3.5108
01/09/24,4.8358,4.2075,3.6942,3.6404,3.6649,3.5007
01/08/24,4.8469,4.218,3.7168,3.661,3.677,3.5089
01/05/24,4.8402,4.2161,3.7066,3.6515,3.6687,3.5021
01/04/24,4.864,4.2227,3.6849,3.6119,3.6268,3.4606
01/03/24,4.8317,4.1609,3.5982,3.5232,3.5419,3.3785
01/02/24,4.8003,4.141,3.5925,3.5161,3.5205,3.3494
12/29/23,4.7559,4.0657,3.5291,3.474,3.484,3.3162
12/28/23,4.7773,4.0964,3.531,3.4534,3.4632,3.295
12/27/23,4.763,4.075,3.495,3.4137,3.4285,3.263
12/26/23,4.8125,4.139,3.5865,3.5127,3.5194,3.3483
12/22/23,4.7728,4.1035,3.5705,3.511,3.5245,3.356
12/21/23,4.806,4.131,3.5705,3.4958,3.4994,3.3274
12/20/23,4.8068,4.1317,3.5544,3.4581,3.4602,3.289
12/19/23,4.898,4.2433,3.6551,3.5467,3.5285,3.3466
12/18/23,4.9294,4.2556,3.6554,3.5485,3.5347,3.355
12/15/23,4.9355,4.2535,3.6351,3.5274,3.5088,3.3256
12/14/23,4.8937,4.206,3.634,3.5386,3.5305,3.3515
12/13/23,4.8957,4.2451,3.6982,3.6445,3.6645,3.494
12/12/23,5.1165,4.5327,3.9299,3.8199,3.8071,3.6198
12/11/23,5.108,4.5181,3.9518,3.8504,3.8366,3.6472
12/08/23,5.1109,4.523,3.9435,3.8449,3.828,3.6357
12/07/23,5.0285,4.4042,3.8355,3.7635,3.7715,3.5893
12/06/23,5.0388,4.4064,3.8047,3.722,3.7328,3.5523
12/05/23,5.0233,4.39,3.8398,3.7858,3.8104,3.6326
12/04/23,5.0503,4.4365,3.9093,3.8761,3.9142,3.7392
12/01/23,4.9948,4.3608,3.8415,3.8307,3.8875,3.7201
11/30/23,5.0997,4.5084,3.9855,3.9576,3.9895,3.8104
11/29/23,5.0996,4.486,3.9285,3.8804,3.918,3.7437
11/28/23,5.1749,4.5857,4.004,3.957,3.9945,3.8197
11/27/23,5.2535,4.7038,4.1198,4.0367,4.0484,3.8626
11/24/23,5.2765,4.746,4.195,4.1185,4.123,3.933
11/23/23,5.257,4.7222,4.144,4.063,4.0628,3.8715
11/22/23,5.2535,4.7129,4.144,4.0627,4.063,3.8713
11/21/23,5.2357,4.6927,4.1179,4.049,4.0643,3.8793
11/20/23,5.2477,4.7205,4.1535,4.0746,4.084,3.8985
11/17/23,5.2283,4.705,4.1578,4.093,4.1038,3.9174
11/16/23,5.2057,4.6624,4.1365,4.0931,4.1235,3.9455
11/15/23,5.2485,4.7464,4.235,4.1904,4.2086,4.0251
11/14/23,5.1983,4.6669,4.155,4.1067,4.1283,3.9468
11/13/23,5.3435,4.87,4.3757,4.296,4.2762,4.0756
11/10/23,5.349,4.8921,4.3958,4.3018,4.2766,4.075
11/09/23,5.3265,4.8544,4.3426,4.266,4.2638,4.0696
11/08/23,5.2846,4.773,4.2221,4.1222,4.1116,3.9179
11/07/23,5.2635,4.7596,4.2541,4.197,4.2061,4.0181
11/06/23,5.2804,4.788,4.3104,4.2794,4.2896,4.0998
11/03/23,5.2348,4.7081,4.2362,4.2199,4.2505,4.0698
11/02/23,5.3295,4.8575,4.3667,4.3065,4.302,4.105
11/01/23,5.3175,4.8268,4.3755,4.3784,4.4117,4.2295
10/31/23,5.3988,4.9689,4.571,4.5692,4.5752,4.3765
10/30/23,5.369,4.9329,4.5406,4.5361,4.5317,4.3265
10/27/23,5.3405,4.8918,4.4859,4.484,4.4985,4.3035
10/26/23,5.3578,4.93,4.5311,4.5055,4.492,4.283
10/25/23,5.4017,5.0138,4.6475,4.6126,4.592,4.3784
10/24/23,5.3935,4.9795,4.5555,4.4892,4.458,4.2417
10/23/23,5.366,4.915,4.5329,4.5106,4.4989,4.2898
10/20/23,5.3605,4.9522,4.597,4.5747,4.5709,4.3651
10/19/23,5.402,5.0416,4.6955,4.6511,4.6155,4.3953
10/18/23,5.4567,5.1029,4.6831,4.591,4.5285,4.2955
10/17/23,5.4657,5.0865,4.6208,4.5163,4.4552,4.224
10/16/23,5.4072,4.9802,4.4698,4.3875,4.3605,4.1475
10/13/23,5.385,4.942,4.401,4.302,4.268,4.0538
10/12/23,5.4034,4.9605,4.452,4.3861,4.366,4.1568
10/11/23,5.359,4.885,4.3435,4.2511,4.2158,4.0025
10/10/23,5.3496,4.8715,4.3812,4.3501,4.349,4.148
10/09/23,5.3415,4.9255,4.519,4.4935,4.4885,4.286
10/06/23,5.4314,4.9835,4.45,4.4091,4.401,4.2
10/05/23,5.3828,4.9252,4.4935,4.4294,4.3878,4.1715
10/04/23,5.411,4.9729,4.562,4.4889,4.445,4.2268
10/03/23,5.4776,5.0602,4.476,4.3739,4.3185,4.0963
10/02/23,5.4708,5.0295,4.3783,4.265,4.221,4.006
09/29/23,5.435,4.969,4.395,4.2765,4.2295,4.015
09/28/23,5.4394,4.9798,4.4567,4.309,4.2444,4.0245
09/27/23,5.4826,5.063,4.3804,4.2383,4.195,3.9836
09/26/23,5.4504,5.0051,4.3943,4.2416,4.1835,3.9663
09/25/23,5.4559,5.015,4.3385,4.1435,4.0673,3.8445
09/22/23,5.458,5.0103,4.4003,4.206,4.1235,3.8965
09/21/23,5.473,5.0446,4.3642,4.117,4.0058,3.7695
09/20/23,5.5073,5.0813,4.2932,4.063,3.975,3.7518
09/19/23,5.4571,4.9919,4.229,4.005,3.9255,3.7084
09/18/23,5.4435,4.9479,4.2445,4.0335,3.9528,3.7327
09/15/23,5.4347,4.9365,4.2019,3.9944,3.9204,3.705
09/14/23,5.4292,4.9137,4.1701,3.9625,3.893,3.675
09/13/23,5.4135,4.876,4.2122,3.989,3.9029,3.6765
09/12/23,5.4332,4.9184,4.1952,3.9978,3.9226,3.7
09/11/23,5.4199,4.8828,4.1852,3.975,3.8954,3.669
09/08/23,5.4169,4.885,4.156,3.959,3.891,3.6699
09/07/23,5.3965,4.845,4.194,3.987,3.908,3.6824
09/06/23,5.4284,4.9095,4.1515,3.9675,3.9085,3.6922
09/05/23,5.4011,4.855,4.073,3.89,3.8325,3.618
09/01/23,5.3513,4.773,4.0338,3.8274,3.7601,3.541
08/31/23,5.3571,4.7669,4.055,3.8428,3.7787,3.5605
08/30/23,5.3725,4.792,4.0658,3.852,3.7867,3.5685
08/29/23,5.3925,4.812,4.1729,3.9352,3.85,3.6188
08/28/23,5.474,4.924,4.215,3.9675,3.8653,3.627
08/25/23,5.4763,4.949,4.1997,3.9725,3.8764,3.6407
08/24/23,5.4193,4.8914,4.1573,3.9279,3.8339,3.6005
08/23/23,5.3785,4.8442,4.2751,4.0595,3.9635,3.7285
08/22/23,5.4166,4.9235,4.2621,4.0765,4.003,3.7771
08/21/23,5.401,4.8905,4.1785,3.991,3.924,3.7038
08/18/23,5.3578,4.829,4.1954,4.0088,3.9329,3.708
08/17/23,5.355,4.8228,4.183,3.973,3.8894,3.664
08/16/23,5.3834,4.8605,4.1525,3.94,3.8605,3.637
08/15/23,5.3697,4.836,4.137,3.917,3.8388,3.6165
08/14/23,5.3905,4.852,4.08,3.8738,3.805,3.5873
08/11/23,5.3539,4.7873,4.0125,3.8265,3.7765,3.568
08/10/23,5.32,4.7299,3.927,3.7262,3.6869,3.4856
08/09/23,5.332,4.7085,3.8967,3.731,3.7109,3.517
08/08/23,5.3038,4.6578,3.9498,3.7965,3.7775,3.5825
08/07/23,5.3115,4.6798,3.9273,3.757,3.728,3.5285
08/04/23,5.3055,4.6835,4.0824,3.903,3.8468,3.6337
08/03/23,5.3555,4.786,4.0175,3.797,3.7254,3.5099
08/02/23,5.348,4.7752,4.0041,3.7553,3.663,3.4405
08/01/23,5.3719,4.8149,3.972,3.699,3.5882,3.3575
07/31/23,5.373,4.7975,3.9778,3.6985,3.59,3.3625
07/28/23,5.3771,4.8116,4.036,3.7422,3.6193,3.385
07/27/23,5.4075,4.8645,3.9195,3.6173,3.515,3.293
07/26/23,5.377,4.781,3.9532,3.6328,3.5133,3.2845
07/25/23,5.3848,4.8043,3.9493,3.6279,3.5096,3.2815
07/24/23,5.3882,4.8069,3.881,3.582,3.4729,3.249
07/21/23,5.344,4.738,3.8863,3.59,3.4755,3.249
07/20/23,5.348,4.737,3.768,3.4827,3.392,3.1782
07/19/23,5.313,4.6689,3.786,3.5145,3.431,3.2215
07/18/23,5.311,4.6643,3.7995,3.543,3.4665,3.258
07/17/23,5.2914,4.644,3.832,3.573,3.4825,3.2642
07/14/23,5.3141,4.673,3.7324,3.5,3.4415,3.238
07/13/23,5.2503,4.5458,3.858,3.6004,3.505,3.28
07/12/23,5.3102,4.6725,4.007,3.7112,3.5805,3.335
07/11/23,5.3852,4.8091,4.021,3.7416,3.6134,3.368
07/10/23,5.3633,4.7865,4.15,3.822,3.6492,3.383
07/07/23,5.4014,4.885,4.128,3.781,3.6035,3.338
07/06/23,5.4135,4.9005,4.0313,3.6755,3.5182,3.2653
07/05/23,5.3776,4.8678,3.974,3.6035,3.4522,3.2057
07/04/23,5.388,4.857,3.9385,3.5825,3.439,3.1961
07/03/23,5.3875,4.8155,3.9065,3.5775,3.4562,3.227
06/30/23,5.3736,4.7936,3.7494,3.4515,3.3644,3.153
06/29/23,5.381,4.6488,3.808,3.5029,3.403,3.1855
06/28/23,5.293,4.699,3.753,3.468,3.3767,3.1648
06/27/23,5.3075,4.6255,3.774,3.473,3.373,3.1565
06/26/23,5.267,4.6313,3.8255,3.5289,3.4295,3.2126
06/23/23,5.255,4.6892,3.7413,3.4562,3.365,3.152
06/22/23,5.2923,4.6123,3.7431,3.4609,3.3693,3.156
06/21/23,5.2529,4.6,3.7683,3.501,3.4054,3.188
06/20/23,5.2445,4.6266,3.698,3.4587,3.385,3.1795
06/16/23,5.2474,4.5615,3.7675,3.5195,3.4281,3.2127
06/15/23,5.217,4.5984,3.7675,3.5395,3.452,3.237
06/14/23,5.228,4.5739,3.6693,3.4625,3.3973,3.193
06/13/23,5.1985,4.4741,3.6903,3.4795,3.4106,3.204
06/12/23,5.16,4.5015,3.6326,3.4538,3.4038,3.2058
06/09/23,5.1634,4.4255,3.711,3.5265,3.461,3.2545
06/08/23,5.1126,4.463,3.5788,3.397,3.346,3.1487
06/07/23,5.1314,4.3649,3.5915,3.4294,3.3945,3.2028
06/06/23,5.0754,4.3408,3.6365,3.4584,3.413,3.2161
06/05/23,5.0752,4.395,3.4833,3.3404,3.319,3.1304
06/02/23,5.1135,4.2275,3.545,3.386,3.3617,3.173
06/01/23,4.999,4.2995,3.601,3.43,3.3923,3.1982
05/31/23,5.0548,4.362,3.731,3.5395,3.469,3.2614
05/30/23,5.1059,4.4807,3.7258,3.557,3.4965,3.2921
05/26/23,5.1564,4.4534,3.5985,3.469,3.4621,3.2806
05/25/23,5.144,4.303,3.5298,3.4233,3.4275,3.248
05/24/23,5.0343,4.2035,3.5435,3.4397,3.4448,3.265
05/23/23,4.927,4.2095,3.5065,3.3935,3.3958,3.22
05/22/23,4.9218,4.167,3.465,3.3598,3.367,3.1939
05/19/23,4.8716,4.1568,3.359,3.2695,3.2948,3.132
05/18/23,4.8895,4.047,3.309,3.2426,3.2825,3.1272
05/17/23,4.809,3.979,3.256,3.2103,3.256,3.111
05/16/23,4.761,3.9168,3.2426,3.18,3.216,3.0673
05/15/23,4.7136,3.9098,3.1545,3.1042,3.1621,3.0235
05/12/23,4.6945,3.8206,3.191,3.1645,3.2272,3.0829
05/11/23,4.6335,3.8363,3.2977,3.2411,3.2782,3.118
05/10/23,4.6385,3.956,3.2964,3.2345,3.2712,3.1086
05/09/23,4.7345,3.9511,3.2272,3.176,3.2167,3.0557
05/08/23,4.7197,3.881,3.148,3.119,3.19,3.0405
05/05/23,4.662,3.7562,3.1235,3.0934,3.1609,3.009
05/04/23,4.5659,3.7885,3.259,3.1685,3.1935,3.024
05/03/23,4.6205,3.9555,3.4445,3.3113,3.302,3.1191
05/02/23,4.7263,4.1453,3.287,3.1488,3.151,2.9768
05/01/23,4.8887,4.015,3.3841,3.236,3.2268,3.0465
04/28/23,4.79,4.0806,3.286,3.165,3.1749,3.001
04/27/23,4.825,3.981,3.2314,3.1104,3.1285,2.9584
04/26/23,4.7375,3.925,3.3611,3.2055,3.1998,3.0189
04/25/23,4.7031,4.0715,3.4545,3.286,3.2685,3.083
04/24/23,4.808,4.1718,3.415,3.241,3.2264,3.0424
04/21/23,4.874,4.1483,3.4935,3.3005,3.274,3.0853
04/20/23,4.8535,4.2565,3.4753,3.295,3.2754,3.0908
04/19/23,4.9197,4.209,3.4896,3.308,3.2854,3.1001
04/18/23,4.8858,4.212,3.3887,3.2155,3.2017,3.0208
04/17/23,4.8715,4.1145,3.285,3.1467,3.147,2.97
04/14/23,4.8129,3.9845,3.252,3.095,3.086,2.9043
04/13/23,4.7013,3.982,3.3163,3.1412,3.1117,2.917
04/12/23,4.7001,4.0525,3.3105,3.1373,3.1199,2.932
04/11/23,4.7415,4.0464,3.2815,3.112,3.107,2.9245
04/10/23,4.757,4.013,3.1543,3.0223,3.0398,2.864
04/07/23,4.7315,3.8742,3.1473,3.025,3.0511,2.8777
04/06/23,4.592,3.8162,3.1604,3.0443,3.0656,2.8895
04/05/23,4.537,3.851,3.271,3.12,3.1116,2.9221
04/04/23,4.5665,4.004,3.341,3.174,3.132,2.9265
04/03/23,4.704,4.061,3.452,3.259,3.2083,2.999
03/31/23,4.717,4.146,3.4535,3.278,3.2283,3.017
03/30/23,4.732,4.1181,3.439,3.2695,3.2212,3.008
03/29/23,4.704,4.0955,3.365,3.2351,3.212,3.004
03/28/23,4.685,3.99,3.1905,3.078,3.09,2.898
03/27/23,4.627,3.761,3.2321,3.129,3.14,2.9513
03/24/23,4.4095,3.8206,3.319,3.174,3.1465,2.9353
03/23/23,4.4722,3.9521,3.558,3.3553,3.2475,2.9993
03/22/23,4.603,4.168,3.3946,3.2225,3.157,2.9316
03/21/23,4.7305,3.965,3.3145,3.1755,3.1218,2.9024
03/20/23,4.4935,3.803,3.563,3.34,3.231,2.9953
03/17/23,4.3088,4.154,3.388,3.231,3.173,2.9631
03/16/23,4.6116,3.86,3.653,3.45,3.3483,3.1187
03/15/23,4.25,4.214,3.4589,3.292,3.21,2.987
03/14/23,4.659,3.866,3.7327,3.404,3.2485,2.9895
03/13/23,4.2466,4.6097,3.9786,3.6276,3.4305,3.1494
03/10/23,5.1765,4.9195,4.1374,3.719,3.495,3.206
03/09/23,5.455,5.1469,4.1052,3.6933,3.4737,3.1884
03/08/23,5.6095,5.102,4.0544,3.6899,3.4935,3.2193
03/07/23,5.5533,4.97,4.0598,3.698,3.492,3.2121
03/06/23,5.3955,4.9565,4.1303,3.7959,3.6027,3.324
03/03/23,5.367,4.9885,4.0702,3.7305,3.553,3.2825
03/02/23,5.368,4.9855,3.9978,3.655,3.4962,3.2383
03/01/23,5.3839,4.9205,3.9797,3.645,3.4993,3.2481
02/28/23,5.3383,4.8944,4.026,3.6775,3.5129,3.254
02/27/23,5.3285,4.915,3.9138,3.6,3.4538,3.206
02/24/23,5.333,4.781,3.949,3.6452,3.49,3.2372
02/23/23,5.279,4.7925,3.9649,3.6766,3.5335,3.288
02/22/23,5.2845,4.792,3.8225,3.5373,3.4155,3.182
02/21/23,5.2808,4.6775,3.867,3.5812,3.4652,3.2345
02/17/23,5.1985,4.713,3.8364,3.52,3.3932,3.1608
02/16/23,5.1925,4.711,3.7973,3.4583,3.3314,3.1009
02/15/23,5.1696,4.6987,3.6955,3.4109,3.3271,3.1123
02/14/23,5.1855,4.562,3.6998,3.4422,3.3653,3.152
02/13/23,5.1158,4.5672,3.632,3.3631,3.2841,3.0698
02/10/23,5.112,4.509,3.5754,3.3105,3.2325,3.018
02/09/23,5.0689,4.4524,3.6191,3.3752,3.2876,3.0642
02/08/23,5.0409,4.4815,3.6175,3.34,3.2438,3.0197
02/07/23,5.0596,4.4855,3.4605,3.2421,3.1824,2.9712
02/06/23,5.0629,4.313,3.2895,3.1115,3.1017,2.9155
02/03/23,4.9435,4.1295,3.3125,3.1308,3.1133,2.917
02/02/23,4.8073,4.1378,3.4016,3.2068,3.1676,2.9581
02/01/23,4.8034,4.224,3.4488,3.2424,3.2023,2.9954
01/31/23,4.8445,4.263,3.3993,3.2058,3.1715,2.9669
01/30/23,4.8599,4.2197,3.3809,3.1968,3.1766,2.9809
01/27/23,4.835,4.2094,3.3173,3.1345,3.1191,2.9243
01/26/23,4.8356,4.1618,3.337,3.1355,3.1167,2.9228
01/25/23,4.809,4.1903,3.3845,3.1954,3.1821,2.9906
01/24/23,4.8435,4.2125,3.328,3.1614,3.1555,2.9655
01/23/23,4.8535,4.1615,3.2534,3.074,3.0708,2.8798
01/20/23,4.8313,4.1274,3.2165,3.0639,3.0725,2.8845
01/19/23,4.82,4.0863,3.3808,3.2315,3.2015,2.9925
01/18/23,4.7828,4.199,3.3725,3.1878,3.146,2.9376
01/17/23,4.8378,4.224,3.2968,3.1885,3.1488,2.899
01/13/23,4.8475,4.1642,3.4037,3.1298,3.1055,2.96
01/12/23,4.8225,4.2357,3.4625,3.2141,3.173,3.0153
01/11/23,4.8549,4.2614,3.407,3.2805,3.2335,2.9195
01/10/23,4.8531,4.24,3.4285,3.196,3.1407,2.9435
01/09/23,4.8399,4.2831,3.6453,3.2191,3.1678,3.0505
01/06/23,4.8719,4.4807,3.5725,3.3873,3.294,3.0535
01/05/23,4.966,4.3767,3.6224,3.3555,3.2876,3.0637
01/04/23,4.8854,4.3938,3.7457,3.3985,3.3067,3.2085
01/03/23,4.8878,4.446,3.7017,3.5575,3.4581,3.164
12/30/22,4.9005,4.4096,3.7298,3.5031,3.4603,3.2445
12/29/22,4.868,4.4159,3.6878,3.569,3.4123,3.1905
12/28/22,4.862,4.408,3.6286,3.5133,3.4905,3.1234
12/27/22,4.878,4.3475,3.575,3.4365,3.4367,3.0505
12/23/22,4.828,4.3075,3.5413,3.3726,3.3652,3.0163
12/22/22,4.807,4.267,3.549,3.348,3.3655,3.0175
12/21/22,4.7701,4.289,3.4788,3.35,3.2951,2.9447
12/20/22,4.789,4.277,3.4035,3.272,3.2668,2.8739
12/19/22,4.7954,4.221,3.3975,3.1865,3.2691,2.8327
12/16/22,4.759,4.262,3.3908,3.1544,3.1956,2.8668
12/15/22,4.8025,4.227,3.428,3.1801,3.1201,2.8816
12/14/22,4.773,4.2525,3.5541,3.2045,3.082,2.9368
12/13/22,4.7795,4.4093,3.5337,3.31,3.1184,2.9263
12/12/22,4.8957,4.39,3.4643,3.2851,3.1361,2.7865
12/09/22,4.8776,4.3555,3.3823,3.1756,3.2066,2.775
12/08/22,4.8545,4.309,3.4947,3.107,3.1919,2.8565
12/07/22,4.8255,4.4017,3.5254,3.2088,3.0591,2.913
12/06/22,4.87,4.4289,3.3939,3.2622,3.0289,2.8661
12/05/22,4.8997,4.2975,3.4139,3.1634,3.1154,2.8955
12/02/22,4.8049,4.2698,3.4868,3.1768,3.1713,3.0073
12/01/22,4.7658,4.3295,3.6806,3.278,3.1067,3.0725
11/30/22,4.8083,4.4995,3.6448,3.4238,3.1313,2.9946
11/29/22,4.8878,4.4689,3.6428,3.3684,3.2408,3.0158
11/28/22,4.8645,4.498,3.6583,3.3743,3.329,3.0027
11/25/22,4.8915,4.4893,3.6618,3.3805,3.2607,3.0035
11/24/22,4.885,4.4995,3.7188,3.3793,3.2733,3.0871
11/23/22,4.8877,4.535,3.7975,3.4371,3.2701,3.1809
11/22/22,4.926,4.5732,3.7775,3.5329,3.2703,3.2045
11/21/22,4.914,4.5553,3.6913,3.5273,3.3421,3.1536
11/18/22,4.89,4.4652,3.5948,3.4573,3.4367,3.1113
11/17/22,4.8222,4.3605,3.6453,3.3649,3.4515,3.2374
11/16/22,4.7552,4.3378,3.7413,3.4663,3.3932,3.2997
11/15/22,4.729,4.423,3.7059,3.5553,3.331,3.2804
11/14/22,4.756,4.3835,3.7062,3.5269,3.4528,3.2798
11/11/22,4.727,4.3832,4.003,3.5273,3.5264,3.491
11/10/22,4.7261,4.639,4.0661,3.8054,3.4928,3.4928
11/09/22,4.8562,4.701,4.1597,3.8469,3.509,3.5432
11/08/22,4.8801,4.7751,4.1283,3.9432,3.7445,3.5016
11/07/22,4.9203,4.728,4.1645,3.9118,3.7584,3.4464
11/04/22,4.883,4.7905,4.1121,3.9033,3.8263,3.41
11/03/22,4.931,4.7114,4.0575,3.8728,3.7872,3.3703
11/02/22,4.8639,4.6345,4.0065,3.8115,3.7463,3.4153
11/01/22,4.831,4.5573,3.9609,3.8025,3.7101,3.39
10/31/22,4.7719,4.494,3.8249,3.761,3.662,3.3195
10/28/22,4.7085,4.332,3.9375,3.6495,3.6915,3.3727
10/27/22,4.5738,4.463,4.0273,3.7341,3.661,3.499
10/26/22,4.6525,4.539,4.1116,3.8428,3.58,3.607
10/25/22,4.711,4.5805,4.086,3.9675,3.6443,3.5783
10/24/22,4.73,4.5575,4.1995,3.94,3.7702,3.4855
10/21/22,4.6816,4.7126,4.0953,3.964,3.8858,3.373
10/20/22,4.7985,4.633,3.9537,3.8473,3.8573,3.275
10/19/22,4.75,4.51,3.9618,3.7124,3.7963,3.2659
10/18/22,4.66,4.532,3.9999,3.7182,3.6823,3.2332
10/17/22,4.6936,4.5745,3.9313,3.7325,3.5726,3.157
10/14/22,4.71,4.525,3.8705,3.6624,3.5693,3.155
10/13/22,4.6745,4.33,3.9155,3.637,3.5505,3.178
10/12/22,4.4524,4.3603,3.8913,3.6785,3.4778,3.115
10/11/22,4.4552,4.3625,3.8173,3.6133,3.4637,3.068
10/07/22,4.4421,4.2837,3.7336,3.5656,3.4916,3.0485
10/06/22,4.3771,4.1758,3.6041,3.5077,3.4239,2.953
10/05/22,4.2785,4.1003,3.6498,3.353,3.3756,2.9585
10/04/22,4.2368,4.1204,3.8545,3.3888,3.3422,3.0674
10/03/22,4.223,4.2531,3.7833,3.5904,3.226,3.033
09/30/22,4.2923,4.1909,3.706,3.5553,3.246,3.0023
09/29/22,4.2426,4.144,3.9039,3.4851,3.3854,3.0767
09/28/22,4.198,4.28,3.9572,3.6434,3.3528,3.0652
09/27/22,4.2762,4.3895,3.7735,3.6579,3.3065,2.9635
09/26/22,4.387,4.3292,3.7408,3.4508,3.401,3.0365
09/23/22,4.3808,4.2571,3.5849,3.4828,3.3926,2.9159
09/22/22,4.3482,4.1875,3.5618,3.3164,3.2466,2.9813
09/21/22,4.296,4.0825,3.4945,3.3494,3.3081,2.9393
09/20/22,4.2105,4.0456,3.4398,3.2818,3.1685,2.9298
09/19/22,4.19,3.9777,3.468,3.2436,3.2245,2.8913
09/16/22,4.1265,4.0165,3.3993,3.2456,3.1708,2.871
09/15/22,4.1665,3.939,3.3678,3.1982,3.1514,2.8937
09/14/22,4.101,3.869,3.2405,3.198,3.1253,2.9128
09/13/22,4.043,3.6593,3.223,3.1502,3.0972,2.848
09/12/22,3.803,3.645,3.2066,3.107,3.1142,2.8765
09/09/22,3.7813,3.5958,3.1468,3.1131,3.1185,2.8119
09/08/22,3.7214,3.5335,3.2412,3.0621,3.0646,2.9
09/07/22,3.6626,3.6049,3.0895,3.149,3.0883,2.762
09/06/22,3.7023,3.478,3.1953,3.0097,3.0292,2.7936
09/02/22,3.5875,3.5938,3.1504,3.0042,3.1161,2.7304
09/01/22,3.687,3.5765,3.0716,3.0663,2.9744,2.6622
08/31/22,3.6641,3.5246,3.0572,2.9985,3.0143,2.6782
08/30/22,3.6159,3.49,3.003,2.916,2.9501,2.6263
08/29/22,3.5825,3.4567,2.9453,2.9139,2.8769,2.6733
08/26/22,3.535,3.4281,2.995,2.8465,2.8871,2.7436
08/25/22,3.5282,3.43,2.9316,2.8314,2.83,2.6782
08/24/22,3.5176,3.3959,2.9141,2.9077,2.8586,2.6331
08/23/22,3.4814,3.4025,2.8415,2.846,2.9353,2.613
08/22/22,3.475,3.3051,2.7733,2.7981,2.8723,2.532
08/19/22,3.3943,3.2701,2.803,2.7447,2.821,2.5587
08/18/22,3.3759,3.3247,2.6995,2.6445,2.786,2.4858
08/17/22,3.4095,3.2598,2.652,2.6677,2.6913,2.5008
08/16/22,3.379,3.1977,2.7168,2.5593,2.7133,2.5194
08/15/22,3.3445,3.258,2.7458,2.5448,2.625,2.5783
08/12/22,3.3815,3.231,2.6725,2.5975,2.6302,2.4442
08/11/22,3.3531,3.1935,2.7028,2.6564,2.6623,2.4118
08/10/22,3.342,3.2379,2.6537,2.5455,2.7241,2.4047
08/09/22,3.3918,3.1725,2.7083,2.5464,2.5964,2.491
08/08/22,3.342,3.2015,2.5528,2.5285,2.5761,2.3963
08/05/22,3.3578,3.0168,2.5813,2.6045,2.5664,2.3828
08/04/22,3.1832,3.0415,2.6044,2.4679,2.651,2.4498
08/03/22,3.1784,3.0128,2.3806,2.49,2.5442,2.3444
08/02/22,3.153,2.8362,2.4212,2.5349,2.5423,2.4494
08/01/22,3.0275,2.8472,2.4433,2.3509,2.6033,2.4814
07/29/22,3.0503,2.8192,2.5793,2.4373,2.473,2.534
07/28/22,3.0038,2.9495,2.6225,2.467,2.5781,2.5003
07/27/22,3.0744,2.9915,2.5924,2.5787,2.6098,2.4832
07/26/22,3.1308,2.949,2.547,2.599,2.687,2.4475
07/25/22,3.1165,2.8905,2.6856,2.5867,2.6731,2.515
07/22/22,3.068,3.0282,2.8651,2.5381,2.66,2.6209
07/21/22,3.165,3.169,2.8522,2.6658,2.6202,2.6247
07/20/22,3.2475,3.1935,2.8053,2.8108,2.709,2.6023
07/19/22,3.259,3.1183,2.748,2.8016,2.8277,2.5309
07/18/22,3.2008,3.081,2.7856,2.7675,2.8333,2.5686
07/15/22,3.187,3.1152,2.7508,2.7048,2.8124,2.594
07/14/22,3.2337,3.13,2.7463,2.7535,2.7436,2.6319
07/13/22,3.2956,3.0018,2.7925,2.734,2.7875,2.6439
07/12/22,3.0852,3.046,2.8785,2.7674,2.7998,2.7131
07/11/22,3.1208,3.109,2.7843,2.794,2.8375,2.645
07/08/22,3.16,3.005,2.7315,2.8907,2.853,2.5761
07/07/22,3.0569,2.9705,2.5677,2.803,2.9322,2.5208
07/06/22,3.0295,2.8096,2.627,2.7303,2.8584,2.5897
07/05/22,2.927,2.859,2.6297,2.6021,2.7862,2.5894
07/04/22,3.004,2.8425,2.794,2.679,2.7101,2.6648
07/01/22,2.947,2.992,2.9043,2.6773,2.7809,2.7052
06/30/22,3.0145,3.098,2.9876,2.811,2.783,2.7573
06/29/22,3.0669,3.1549,3.0071,2.8897,2.8702,2.7903
06/28/22,3.072,3.159,2.9473,2.9665,2.9183,2.7426
06/27/22,3.0603,3.1135,2.8993,2.9948,2.9779,2.6728
06/24/22,3.0107,3.094,2.9875,2.9335,3.0095,2.7169
06/23/22,3.025,3.1655,3.1242,2.882,2.9575,2.7867
06/22/22,3.0641,3.317,3.104,2.9499,2.8944,2.76
06/21/22,3.165,3.34,3.0395,3.065,2.9459,2.718
06/20/22,3.186,3.319,3.1267,3.013,3.0295,2.6505
06/17/22,3.125,3.2585,3.3543,3.009,2.9592,2.7648
06/16/22,3.1035,3.2964,3.2533,2.958,2.9605,2.8703
06/15/22,3.0983,3.511,3.0203,3.0627,2.8973,2.8183
06/14/22,3.2272,3.4672,2.834,3.26,3.0058,2.6733
06/13/22,3.1615,3.1618,2.7984,3.1559,3.1409,2.6588
06/10/22,2.8045,2.8925,2.7585,2.9398,3.0671,2.6727
06/09/22,2.553,2.8378,2.8064,2.8303,2.8935,2.6331
06/08/22,2.504,2.7997,2.7012,2.8121,2.8484,2.7132
06/07/22,2.467,2.8126,2.674,2.7736,2.8558,2.595
06/06/22,2.4732,2.7465,2.673,2.8459,2.8165,2.5879
06/03/22,2.438,2.714,2.5849,2.7344,2.8957,2.5632
06/02/22,2.4129,2.7078,2.4967,2.7067,2.7756,2.5535
06/01/22,2.3985,2.6084,2.4851,2.6962,2.7563,2.463
05/31/22,2.3326,2.5346,2.4795,2.646,2.7336,2.4625
05/30/22,2.261,2.5167,2.4895,2.5377,2.7108,2.48
05/27/22,2.2609,2.504,2.6093,2.5445,2.61,2.457
05/26/22,2.254,2.5151,2.5473,2.5332,2.6127,2.4353
05/25/22,2.2389,2.6329,2.597,2.5265,2.6249,2.4985
05/24/22,2.2446,2.587,2.651,2.6195,2.604,2.435
05/23/22,2.323,2.6249,2.7218,2.5595,2.5856,2.5066
05/20/22,2.288,2.6698,2.5871,2.6249,2.6593,2.5256
05/19/22,2.3016,2.7045,2.6381,2.6717,2.6021,2.6463
05/18/22,2.313,2.5746,2.6005,2.7723,2.6752,2.5699
05/17/22,2.3201,2.586,2.6769,2.6721,2.7123,2.5625
05/16/22,2.238,2.564,2.695,2.7142,2.8307,2.499
05/13/22,2.227,2.643,2.7259,2.6572,2.7468,2.5091
05/12/22,2.208,2.619,2.8745,2.7145,2.7566,2.5831
05/11/22,2.2365,2.6055,2.8075,2.7724,2.6955,2.598
05/10/22,2.1977,2.7698,2.7295,2.806,2.7206,2.6848
05/09/22,2.1623,2.7539,2.8248,2.912,2.7915,2.5845
05/06/22,2.272,2.6893,2.812,2.8245,2.806,2.5174
05/05/22,2.2595,2.799,2.765,2.7383,2.8899,2.4924
05/04/22,2.214,2.7615,2.6552,2.766,2.7887,2.5174
05/03/22,2.2945,2.747,2.6283,2.778,2.7086,2.5008
05/02/22,2.2445,2.6314,2.5214,2.7363,2.6976,2.4114
04/29/22,2.263,2.5918,2.6359,2.6309,2.7165,2.4275
04/28/22,2.153,2.4936,2.7069,2.6212,2.6906,2.3228
04/27/22,2.1091,2.6245,2.7498,2.4998,2.5937,2.3793
04/26/22,2.0492,2.673,2.6383,2.5869,2.6002,2.4385
04/25/22,2.1225,2.6839,2.7017,2.6655,2.4895,2.4306
04/22/22,2.1365,2.56,2.5633,2.6755,2.5524,2.388
04/21/22,2.0918,2.5753,2.548,2.601,2.6189,2.513
04/20/22,1.9818,2.4355,2.545,2.7201,2.6113,2.438
04/19/22,1.9695,2.433,2.4326,2.6195,2.5603,2.4377
04/18/22,1.8745,2.4223,2.4678,2.588,2.6836,2.442
04/15/22,1.87,2.3341,2.578,2.593,2.5992,2.3485
04/14/22,1.8714,2.3791,2.5392,2.4697,2.59,2.3458
04/13/22,1.8135,2.481,2.4784,2.4911,2.5904,2.3663
04/12/22,1.8093,2.4926,2.4532,2.5658,2.4871,2.2648
04/11/22,1.868,2.4289,2.464,2.477,2.491,2.2015
04/08/22,1.8629,2.4305,2.3208,2.4156,2.5275,2.14
04/07/22,1.8289,2.4625,2.3395,2.3628,2.4236,2.0829
04/06/22,1.8207,2.3685,2.2463,2.3131,2.3593,1.9563
04/05/22,1.8194,2.3987,2.2303,2.1645,2.2975,1.9474
04/04/22,1.759,2.2811,2.2948,2.169,2.2374,1.9736
04/01/22,1.7715,2.2508,2.356,2.1287,2.1023,2.0211
03/31/22,1.6922,2.3124,2.338,2.1457,2.0953,2.053
03/30/22,1.6655,2.3085,2.1957,2.1997,2.102,2.0895
03/29/22,1.704,2.2495,2.105,2.2666,2.1402,2.1445
03/28/22,1.713,2.1383,2.1939,2.2781,2.1793,2.0994
03/25/22,1.676,2.0593,2.1258,2.1775,2.2255,2.0351
03/24/22,1.6005,2.1172,1.9577,2.0924,2.2677,2.1533
03/23/22,1.5244,2.0715,1.954,2.1933,2.2077,2.0792
03/22/22,1.5461,1.9059,1.9965,2.1164,2.1367,1.9757
03/21/22,1.504,1.8645,1.9108,1.9833,2.25,1.999
03/18/22,1.3695,1.871,1.8988,1.998,2.176,1.9819
03/17/22,1.3196,1.7827,1.752,2.02,2.0646,1.967
03/16/22,1.3075,1.785,1.7221,1.9631,2.0893,1.9427
03/15/22,1.2698,1.665,1.6804,1.946,2.0874,1.8068
03/14/22,1.2712,1.6117,1.572,1.804,2.0595,1.807
03/11/22,1.1962,1.588,1.5065,1.796,2.0376,1.7835
03/10/22,1.1499,1.494,1.4545,1.7674,1.9004,1.6514
03/09/22,1.1339,1.4398,1.558,1.6505,1.8994,1.6122
03/08/22,1.0655,1.389,1.5778,1.5814,1.8717,1.605
03/07/22,1.0415,1.4491,1.4098,1.543,1.739,1.7103
03/04/22,1.003,1.4318,1.5524,1.6597,1.683,1.7495
03/03/22,1.037,1.2384,1.702,1.7018,1.659,1.5935
03/02/22,1.0123,1.3579,1.7005,1.5369,1.7676,1.6785
03/01/22,0.857,1.5291,1.735,1.6478,1.8083,1.7973
02/28/22,0.922,1.5316,1.6971,1.7803,1.6504,1.8054
02/25/22,1.0483,1.5559,1.6458,1.7887,1.7397,1.8306
02/24/22,1.053,1.5305,1.6695,1.8122,1.8618,1.778
02/23/22,1.101,1.4237,1.7518,1.7607,1.8689,1.775
02/22/22,1.0794,1.4345,1.7762,1.7412,1.8934,1.781
02/21/22,0.9942,1.4557,1.7531,1.7411,1.8404,1.826
02/18/22,0.994,1.5019,1.6945,1.7744,1.8373,1.88
02/17/22,1.0173,1.5604,1.7883,1.8534,1.8788,1.8788
02/16/22,1.0428,1.5577,1.6538,1.8605,1.9397,1.8094
02/15/22,1.0881,1.507,1.654,1.8099,1.9396,1.7527
02/14/22,1.0984,1.5809,1.6029,1.753,1.8753,1.843
02/11/22,1.074,1.3485,1.6049,1.8505,1.8183,1.7801
02/10/22,1.128,1.3334,1.5086,1.754,1.9127,1.7935
02/09/22,0.9059,1.2772,1.4431,1.7708,1.84,1.757
02/08/22,0.8849,1.3002,1.4524,1.7252,1.8544,1.7559
02/07/22,0.8485,1.1889,1.4475,1.7199,1.8153,1.702
02/04/22,0.8747,1.1359,1.4514,1.6378,1.8125,1.6644
02/03/22,0.7749,1.1394,1.4893,1.585,1.7513,1.6621
02/02/22,0.7328,1.1615,1.5166,1.5961,1.71,1.6622
02/01/22,0.7415,1.1362,1.3925,1.5892,1.7112,1.6405
01/31/22,0.7725,1.155,1.3831,1.587,1.7084,1.6603
01/28/22,0.731,1.1195,1.4025,1.6083,1.6919,1.716
01/27/22,0.7378,0.9762,1.4319,1.6703,1.7123,1.6627
01/26/22,0.6986,0.9612,1.488,1.5758,1.7711,1.6588
01/25/22,0.6002,0.9957,1.5026,1.5697,1.7063,1.6228
01/24/22,0.5768,1.016,1.4003,1.56,1.7014,1.6663
01/21/22,0.5913,1.0443,1.3099,1.6016,1.6729,1.7116
01/20/22,0.603,1.0466,1.35,1.6526,1.715,1.734
01/19/22,0.6125,0.9638,1.3397,1.675,1.762,1.67
01/18/22,0.6105,0.8944,1.3703,1.58,1.7855,1.6692
01/14/22,0.543,0.9063,1.344,1.5856,1.712,1.5987
01/13/22,0.5045,0.8735,1.3161,1.4983,1.7135,1.6409
01/12/22,0.5075,0.8898,1.2746,1.5382,1.6369,1.6258
01/11/22,0.4711,0.8598,1.1996,1.539,1.6782,1.6528
01/10/22,0.4814,0.853,1.2022,1.571,1.6689,1.664
01/07/22,0.4584,0.8204,1.1234,1.5648,1.6984,1.6325
01/06/22,0.463,0.7515,1.1167,1.524,1.705,1.629
01/05/22,0.44,0.7629,1.1465,1.4994,1.6706,1.586
01/04/22,0.3949,0.739,1.103,1.437,1.6622,1.5553
01/03/22,0.406,0.7307,1.1045,1.4237,1.612,1.461
12/31/21,0.3986,0.7453,1.107,1.3213,1.5859,1.4688
12/30/21,0.3914,0.7385,1.1087,1.3177,1.4836,1.5199
12/29/21,0.3992,0.7375,1.0855,1.3619,1.492,1.4604
12/28/21,0.3989,0.7179,1.0793,1.2941,1.543,1.449
12/27/21,0.3888,0.719,1.0268,1.289,1.479,1.472
12/24/21,0.3729,0.6972,1.0191,1.306,1.4694,1.47
12/23/21,0.376,0.6923,1.009,1.3076,1.488,1.4251
12/22/21,0.358,0.654,1.0925,1.2735,1.489,1.4219
12/21/21,0.3457,0.6592,1.091,1.2765,1.4491,1.3965
12/20/21,0.3303,0.6451,1.0628,1.2323,1.4485,1.3497
12/17/21,0.3316,0.6875,1.1112,1.2042,1.4158,1.3915
12/16/21,0.312,0.6674,1.1308,1.2134,1.3744,1.4189
12/15/21,0.3181,0.638,1.135,1.2733,1.4055,1.4033
12/14/21,0.2908,0.6617,1.122,1.2693,1.442,1.374
12/13/21,0.2735,0.6903,1.071,1.2464,1.43,1.4453
12/10/21,0.2815,0.6751,0.9943,1.3128,1.4023,1.4376
12/09/21,0.2907,0.6893,1.0595,1.3191,1.4728,1.4528
12/08/21,0.2779,0.641,1.0008,1.335,1.4685,1.394
12/07/21,0.2875,0.5968,1.0295,1.3048,1.486,1.3655
12/06/21,0.2593,0.6279,1.0182,1.264,1.4355,1.2706
12/03/21,0.2297,0.5705,1.018,1.1736,1.4037,1.338
12/02/21,0.2467,0.5805,1.194,1.2519,1.3091,1.31
12/01/21,0.2215,0.5049,1.1948,1.2125,1.378,1.3619
11/30/21,0.2239,0.5181,1.1863,1.2552,1.3482,1.4131
11/29/21,0.173,0.658,1.1735,1.2895,1.3965,1.3885
11/26/21,0.1896,0.6575,1.0818,1.2632,1.4448,1.5274
11/25/21,0.257,0.6226,1.0745,1.4242,1.409,1.5178
11/24/21,0.2565,0.6402,1.0923,1.4227,1.563,1.5792
11/23/21,0.2345,0.5717,1.1244,1.4565,1.557,1.5188
11/22/21,0.237,0.5447,1.1058,1.4185,1.6104,1.45
11/19/21,0.204,0.5469,1.076,1.33,1.5554,1.5005
11/18/21,0.1846,0.572,1.013,1.3647,1.4802,1.5108
11/17/21,0.185,0.5735,1.058,1.3762,1.5244,1.5524
11/16/21,0.194,0.5626,0.9313,1.4198,1.5331,1.5307
11/15/21,0.195,0.546,0.966,1.4011,1.5743,1.4808
11/12/21,0.1919,0.5429,0.9078,1.355,1.554,1.44
11/11/21,0.18,0.4466,0.9688,1.313,1.5029,1.445
11/10/21,0.1795,0.4573,1.038,1.3238,1.463,1.3451
11/09/21,0.143,0.414,0.9925,1.2125,1.4675,1.4031
11/08/21,0.1555,0.4477,1,1.257,1.3638,1.3997
11/05/21,0.138,0.4857,0.9965,1.2171,1.4204,1.478
11/04/21,0.1512,0.4559,0.9895,1.3009,1.4068,1.548
11/03/21,0.1573,0.4996,1.002,1.377,1.4873,1.481
11/02/21,0.144,0.516,1.0328,1.3188,1.5593,1.4703
11/01/21,0.167,0.4851,1.0304,1.3103,1.4938,1.451
10/29/21,0.177,0.4939,1.0454,1.3039,1.4826,1.4877
10/28/21,0.1642,0.458,1.083,1.3171,1.4679,1.4897
10/27/21,0.1679,0.4486,1.0086,1.3131,1.4966,1.5843
10/26/21,0.1449,0.4647,1.003,1.3862,1.4958,1.612
10/25/21,0.144,0.4681,1.0083,1.4043,1.5859,1.5863
10/22/21,0.1511,0.4014,0.9703,1.3953,1.6113,1.6546
10/21/21,0.145,0.4068,0.904,1.4583,1.5905,1.6375
10/20/21,0.1197,0.421,0.923,1.4114,1.6583,1.5886
10/19/21,0.121,0.3903,0.9314,1.3893,1.631,1.5333
10/18/21,0.1244,0.3524,0.899,1.349,1.5895,1.5365
10/15/21,0.122,0.3483,0.9248,1.323,1.5363,1.5043
10/14/21,0.1064,0.3227,0.8845,1.2732,1.532,1.5288
10/13/21,0.1011,0.2905,0.8405,1.2993,1.4948,1.5934
10/12/21,0.0913,0.2713,0.8299,1.3479,1.5211,1.6505
10/08/21,0.0814,0.254,0.8036,1.355,1.5825,1.6502
10/07/21,0.0795,0.2453,0.7958,1.385,1.637,1.61
10/06/21,0.0757,0.233,0.831,1.344,1.6356,1.5535
10/05/21,0.0702,0.2268,0.848,1.2821,1.595,1.5648
10/04/21,0.0678,0.239,0.8802,1.285,1.5348,1.5123
10/01/21,0.067,0.2444,0.862,1.2405,1.5446,1.499
09/30/21,0.0707,0.2551,0.8248,1.2289,1.4935,1.5244
09/29/21,0.0702,0.2572,0.8263,1.2557,1.4818,1.5428
09/28/21,0.0721,0.2468,0.734,1.284,1.507,1.5734
09/27/21,0.0726,0.2381,0.7108,1.3108,1.5298,1.485
09/24/21,0.069,0.2118,0.7083,1.2645,1.5608,1.4723
09/23/21,0.0672,0.1866,0.7467,1.2297,1.4827,1.4315
09/22/21,0.0624,0.189,0.727,1.2085,1.462,1.3005
09/21/21,0.057,0.1981,0.6788,1.0801,1.4263,1.3415
09/20/21,0.0575,0.1944,0.668,1.098,1.2936,1.3399
09/17/21,0.06,0.1834,0.6825,1.093,1.3285,1.4028
09/16/21,0.06,0.1794,0.6925,1.1526,1.3262,1.3826
09/15/21,0.058,0.1798,0.6635,1.127,1.389,1.3514
09/14/21,0.0573,0.1828,0.6829,1.0838,1.3675,1.3428
09/13/21,0.057,0.1754,0.6938,1.0625,1.332,1.379
09/10/21,0.0555,0.1772,0.653,1.1007,1.3198,1.4109
09/09/21,0.0565,0.1782,0.6562,1.1195,1.354,1.3763
09/08/21,0.0593,0.1661,0.6363,1.0772,1.3847,1.437
09/07/21,0.0575,0.1684,0.6465,1.1165,1.3482,1.448
09/03/21,0.057,0.1745,0.6504,1.1409,1.4028,1.402
09/02/21,0.0582,0.1707,0.641,1.0903,1.418,1.402
09/01/21,0.0582,0.169,0.6703,1.0516,1.368,1.3555
08/31/21,0.0563,0.1766,0.7138,1.065,1.3695,1.377
08/30/21,0.0563,0.1973,0.696,1.0765,1.3258,1.3931
08/27/21,0.056,0.1937,0.667,1.051,1.343,1.3645
08/26/21,0.0615,0.1915,0.6373,1.077,1.3583,1.3855
08/25/21,0.063,0.1877,0.6489,1.1163,1.33,1.4082
08/24/21,0.0639,0.1892,0.638,1.1087,1.3512,1.4027
08/23/21,0.0618,0.1868,0.64,1.0589,1.3796,1.3639
08/20/21,0.06,0.188,0.6385,1.0144,1.3728,1.3195
08/19/21,0.061,0.1894,0.6305,1.019,1.3293,1.3235
08/18/21,0.0601,0.1824,0.6448,1.0093,1.284,1.328
08/17/21,0.062,0.183,0.6966,1.028,1.288,1.3546
08/16/21,0.0623,0.1913,0.6795,1.0298,1.2889,1.3615
08/13/21,0.062,0.1815,0.6993,1.0236,1.312,1.3538
08/12/21,0.062,0.1988,0.6688,1.0349,1.3193,1.3634
08/11/21,0.0596,0.1836,0.6455,1.1148,1.311,1.4398
08/10/21,0.0629,0.1778,0.5998,1.0965,1.3215,1.4365
08/09/21,0.058,0.1613,0.5538,1.114,1.399,1.4379
08/06/21,0.0583,0.1435,0.5223,1.091,1.3924,1.42
08/05/21,0.056,0.1296,0.5332,1.074,1.3975,1.4094
08/04/21,0.051,0.133,0.5688,1.0015,1.3782,1.334
08/03/21,0.0503,0.14,0.6103,0.958,1.3646,1.3103
08/02/21,0.0515,0.1551,0.577,0.946,1.2894,1.3113
07/30/21,0.053,0.1508,0.5725,0.9597,1.2615,1.3347
07/29/21,0.0587,0.151,0.5982,1.003,1.2616,1.3833
07/28/21,0.0567,0.1578,0.5865,1.0494,1.2813,1.4143
07/27/21,0.0609,0.1555,0.5893,1.006,1.328,1.3575
07/26/21,0.0597,0.1565,0.6025,0.9989,1.3647,1.3525
07/23/21,0.06,0.1616,0.5445,1.0461,1.312,1.399
07/22/21,0.06,0.147,0.5524,1.0305,1.305,1.3805
07/21/21,0.0584,0.1582,0.638,1.0362,1.3515,1.3865
07/20/21,0.0619,0.18,0.641,1.045,1.333,1.3909
07/19/21,0.0614,0.1792,0.6625,0.969,1.3361,1.3065
07/16/21,0.061,0.1776,0.7094,0.9174,1.342,1.241
07/15/21,0.06,0.1995,0.6555,1.033,1.2586,1.352
07/14/21,0.0605,0.1695,0.6577,1.042,1.1935,1.3625
07/13/21,0.0648,0.166,0.608,1.0937,1.309,1.4263
07/12/21,0.0591,0.1473,0.642,1.1636,1.317,1.506
07/09/21,0.0585,0.1632,0.6542,1.1105,1.3818,1.454
07/08/21,0.0552,0.1647,0.7152,1.1155,1.4585,1.447
07/07/21,0.0571,0.1817,0.7152,1.035,1.4075,1.37
07/06/21,0.0562,0.1972,0.753,1.0534,1.4057,1.3686
07/02/21,0.0618,0.189,0.7465,1.0768,1.326,1.386
07/01/21,0.0642,0.1901,0.7435,1.1545,1.3315,1.461
06/30/21,0.0622,0.1896,0.7456,1.1901,1.3505,1.4588
06/29/21,0.0614,0.1954,0.7619,1.193,1.422,1.4835
06/28/21,0.0614,0.1929,0.7535,1.198,1.4247,1.5008
06/25/21,0.0655,0.1867,0.74,1.1957,1.455,1.504
06/24/21,0.0633,0.1733,0.707,1.2336,1.4696,1.5065
06/23/21,0.0625,0.1822,0.7238,1.2101,1.474,1.5485
06/22/21,0.059,0.1764,0.7128,1.2095,1.475,1.5086
06/21/21,0.0652,0.1602,0.734,1.1815,1.5184,1.5131
06/18/21,0.0629,0.152,0.7583,1.201,1.4855,1.479
06/17/21,0.0565,0.1119,0.6425,1.149,1.4877,1.5085
06/16/21,0.056,0.1139,0.6465,1.227,1.457,1.433
06/15/21,0.0438,0.1027,0.61,1.305,1.483,1.5313
06/14/21,0.0431,0.0965,0.5785,1.218,1.4154,1.6356
06/11/21,0.0393,0.1012,0.6145,1.2245,1.5114,1.5959
06/10/21,0.0411,0.1024,0.637,1.1867,1.612,1.602
06/09/21,0.038,0.101,0.656,1.1672,1.5603,1.5657
06/08/21,0.041,0.0967,0.6465,1.2215,1.5665,1.56
06/07/21,0.0393,0.1075,0.707,1.263,1.5295,1.6032
06/04/21,0.0378,0.0994,0.6675,1.2945,1.515,1.6595
06/03/21,0.0371,0.1015,0.684,1.2834,1.5668,1.6894
06/02/21,0.0375,0.0967,0.6777,1.3542,1.619,1.673
06/01/21,0.0363,0.0995,0.675,1.3181,1.6496,1.7376
05/28/21,0.034,0.0987,0.6814,1.339,1.635,1.724
05/27/21,0.0366,0.099,0.655,1.3233,1.7014,1.7411
05/26/21,0.0358,0.106,0.6424,1.3284,1.6817,1.708
05/25/21,0.0388,0.1091,0.6757,1.2956,1.7014,1.7267
05/24/21,0.0405,0.1096,0.6963,1.2765,1.6861,1.724
05/21/21,0.0403,0.1198,0.691,1.326,1.6846,1.6882
05/20/21,0.0395,0.1101,0.7233,1.3458,1.6861,1.6792
05/19/21,0.0432,0.1096,0.689,1.3532,1.6515,1.7345
05/18/21,0.0407,0.1086,0.698,1.3886,1.6369,1.7535
05/17/21,0.0415,0.1097,0.6829,1.357,1.692,1.761
05/14/21,0.0417,0.1168,0.6865,1.3616,1.71,1.787
05/13/21,0.043,0.1035,0.7266,1.3493,1.7192,1.7715
05/12/21,0.0438,0.097,0.6613,1.3553,1.746,1.7676
05/11/21,0.044,0.0928,0.647,1.4161,1.7243,1.756
05/10/21,0.0466,0.1064,0.6473,1.3446,1.7204,1.7745
05/07/21,0.0426,0.105,0.6821,1.326,1.7095,1.8305
05/06/21,0.0458,0.1105,0.6705,1.31,1.7247,1.773
05/05/21,0.045,0.1133,0.6922,1.3107,1.7822,1.7539
05/04/21,0.051,0.1144,0.6968,1.3096,1.7212,1.7222
05/03/21,0.0455,0.1155,0.7191,1.3353,1.7038,1.6955
04/30/21,0.0509,0.1111,0.729,1.3445,1.674,1.7035
04/29/21,0.0509,0.1212,0.7145,1.374,1.6555,1.7246
04/28/21,0.046,0.1145,0.7326,1.3839,1.66,1.747
04/27/21,0.053,0.1126,0.696,1.3595,1.6824,1.7653
04/26/21,0.048,0.109,0.6895,1.365,1.7021,1.7676
04/23/21,0.051,0.105,0.663,1.307,1.723,1.751
04/22/21,0.0518,0.1028,0.6609,1.306,1.729,1.7461
04/21/21,0.0508,0.1075,0.6575,1.2875,1.7088,1.6913
04/20/21,0.0511,0.11,0.6834,1.2963,1.705,1.6935
04/19/21,0.0514,0.109,0.6853,1.2966,1.653,1.682
04/16/21,0.0526,0.1083,0.6795,1.3336,1.6514,1.707
04/15/21,0.0495,0.1046,0.7137,1.312,1.6354,1.7002
04/14/21,0.0478,0.1147,0.6995,1.3128,1.657,1.7299
04/13/21,0.047,0.1067,0.751,1.371,1.6555,1.7116
04/12/21,0.048,0.1036,0.7415,1.3605,1.688,1.72
04/09/21,0.047,0.1111,0.7165,1.4245,1.6684,1.7649
04/08/21,0.047,0.1123,0.757,1.4272,1.6738,1.7697
04/07/21,0.047,0.1252,0.759,1.3844,1.7257,1.8287
04/06/21,0.0425,0.1368,0.8135,1.4455,1.7265,1.8313
04/05/21,0.0433,0.1137,0.8541,1.4298,1.7881,1.7877
04/02/21,0.0452,0.115,0.784,1.4774,1.791,1.8477
04/01/21,0.0422,0.1081,0.8191,1.503,1.7493,1.8176
03/31/21,0.0423,0.1022,0.7778,1.4554,1.811,1.8531
03/30/21,0.0418,0.0964,0.766,1.5225,1.7818,1.866
03/29/21,0.042,0.0917,0.7387,1.4789,1.8208,1.8446
03/26/21,0.036,0.0932,0.7123,1.4832,1.835,1.918
03/25/21,0.038,0.0955,0.6978,1.4522,1.8062,1.876
03/24/21,0.0388,0.098,0.6979,1.4083,1.8776,1.8977
03/23/21,0.039,0.0992,0.7425,1.38,1.835,1.8735
03/22/21,0.039,0.1011,0.7623,1.3815,1.851,1.8436
03/19/21,0.0392,0.0879,0.7262,1.4573,1.8253,1.7877
03/18/21,0.048,0.1072,0.6785,1.4952,1.79,1.7922
03/17/21,0.0416,0.107,0.6995,1.446,1.7397,1.8673
03/16/21,0.063,0.1087,0.6996,1.4075,1.7441,1.909
03/15/21,0.0605,0.101,0.717,1.3715,1.821,1.8743
03/12/21,0.0563,0.1043,0.6717,1.3695,1.8606,1.8532
03/11/21,0.0607,0.1,0.66,1.3946,1.8206,1.801
03/10/21,0.06,0.1087,0.6725,1.3127,1.7931,1.7905
03/09/21,0.055,0.1011,0.7255,1.2848,1.743,1.8075
03/08/21,0.055,0.1038,0.6943,1.2985,1.7373,1.728
03/05/21,0.054,0.1014,0.6955,1.3795,1.757,1.6533
03/04/21,0.056,0.0936,0.6395,1.3776,1.6735,1.67
03/03/21,0.0579,0.09,0.573,1.3955,1.6131,1.7693
03/02/21,0.063,0.0972,0.6069,1.314,1.6343,1.7751
03/01/21,0.0605,0.113,0.6217,1.2235,1.7278,1.806
02/26/21,0.062,0.0783,0.6883,1.2605,1.7286,1.7545
02/25/21,0.0645,0.076,0.5111,1.233,1.7588,1.6728
02/24/21,0.0523,0.0782,0.5019,1.3321,1.6973,1.688
02/23/21,0.058,0.0752,0.5301,1.1948,1.6127,1.615
02/22/21,0.054,0.071,0.5083,1.1893,1.6378,1.6995
02/19/21,0.0531,0.0695,0.479,1.2113,1.571,1.6854
02/18/21,0.048,0.0767,0.4675,1.186,1.6665,1.6738
02/17/21,0.0503,0.066,0.4941,1.1375,1.6129,1.679
02/16/21,0.048,0.066,0.417,1.1138,1.6008,1.6581
02/15/21,0.0473,0.0654,0.4165,1.1668,1.6136,1.6127
02/12/21,0.0474,0.0602,0.3871,1.0529,1.593,1.5715
02/11/21,0.046,0.0668,0.3669,1.0021,1.5415,1.6396
02/10/21,0.046,0.068,0.3935,0.9676,1.5037,1.551
02/09/21,0.0491,0.0644,0.4037,1.0019,1.5674,1.5505
02/08/21,0.0512,0.0635,0.385,1.0197,1.468,1.492
02/05/21,0.05,0.0646,0.3797,1.0072,1.4693,1.4468
02/04/21,0.0479,0.065,0.377,0.98,1.412,1.4872
02/03/21,0.0484,0.06,0.3516,0.966,1.3692,1.4984
02/02/21,0.0502,0.0574,0.335,0.9201,1.4091,1.5042
02/01/21,0.0487,0.0634,0.323,0.8967,1.4226,1.4635
01/29/21,0.047,0.0583,0.3226,0.8795,1.4232,1.4341
01/28/21,0.0546,0.0606,0.305,0.858,1.3852,1.3743
01/27/21,0.0525,0.0625,0.31,0.8265,1.3607,1.3551
01/26/21,0.05,0.063,0.3033,0.8389,1.3018,1.3361
01/25/21,0.0542,0.064,0.3321,0.8315,1.2815,1.306
01/22/21,0.054,0.0683,0.339,0.8831,1.2622,1.2741
01/21/21,0.0555,0.0715,0.331,0.892,1.2327,1.2912
01/20/21,0.0582,0.071,0.3337,0.86,1.2001,1.2988
01/19/21,0.0659,0.0724,0.338,0.871,1.2174,1.3479
01/18/21,0.0639,0.0761,0.3398,0.8687,1.2192,1.3605
01/15/21,0.063,0.0789,0.3695,0.916,1.271,1.3172
01/14/21,0.0677,0.0845,0.361,0.8822,1.2818,1.3248
01/13/21,0.068,0.084,0.396,0.9287,1.2416,1.338
01/12/21,0.0695,0.0804,0.3973,0.9348,1.2503,1.331
01/11/21,0.0654,0.0832,0.3742,0.9096,1.264,1.3809
01/08/21,0.0614,0.0716,0.3448,0.8647,1.253,1.3321
01/07/21,0.0675,0.058,0.2977,0.811,1.3039,1.3789
01/06/21,0.065,0.058,0.2555,0.736,1.2583,1.3805
01/05/21,0.0562,0.062,0.227,0.6937,1.3036,1.3701
01/04/21,0.058,0.062,0.2435,0.705,1.3058,1.3331
01/01/21,0.062,0.068,0.244,0.721,1.2909,1.2938
12/31/20,0.0589,0.0673,0.2565,0.7399,1.252,1.1975
12/30/20,0.0597,0.064,0.2689,0.7283,1.199,1.1454
12/29/20,0.062,0.0662,0.258,0.726,1.1123,1.158
12/28/20,0.0602,0.0642,0.263,0.7396,1.0663,1.1533
12/25/20,0.0594,0.0631,0.2692,0.7115,1.076,1.1706
12/24/20,0.057,0.0656,0.2555,0.7242,1.0748,1.1956
12/23/20,0.057,0.0646,0.2666,0.7343,1.0916,1.1764
12/22/20,0.058,0.0657,0.264,0.7179,1.1153,1.1735
12/21/20,0.0578,0.0618,0.258,0.7003,1.095,1.1862
12/18/20,0.055,0.0637,0.2457,0.695,1.0935,1.1467
12/17/20,0.0577,0.062,0.2474,0.684,1.1079,1.1596
12/16/20,0.0562,0.0651,0.241,0.677,1.0702,1.179
12/15/20,0.0558,0.0719,0.24,0.69,1.0864,1.1634
12/14/20,0.054,0.0748,0.2588,0.7191,1.099,1.1418
12/11/20,0.0548,0.0773,0.2673,0.7034,1.0846,1.1388
12/10/20,0.061,0.0746,0.2624,0.6999,1.0643,1.1153
12/09/20,0.0608,0.08,0.2506,0.7412,1.0611,1.1007
12/08/20,0.0677,0.0802,0.2822,0.6823,1.0448,1.1065
12/07/20,0.0654,0.0802,0.2622,0.7111,1.0304,1.1666
12/04/20,0.063,0.082,0.275,0.716,1.0424,1.136
12/03/20,0.064,0.0735,0.2813,0.6291,1.09,1.1409
12/02/20,0.068,0.072,0.2359,0.609,1.0639,1.1897
12/01/20,0.0681,0.067,0.219,0.652,1.0696,1.11
11/30/20,0.0693,0.0727,0.243,0.6515,1.1168,1.1348
11/27/20,0.0669,0.0742,0.2445,0.6485,1.04,1.128
11/26/20,0.0662,0.0707,0.2445,0.6194,1.0659,1.0136
11/25/20,0.0686,0.07,0.2373,0.5866,1.0602,1.006
11/24/20,0.065,0.07,0.2232,0.6003,0.9485,1.054
11/23/20,0.063,0.0791,0.2225,0.6348,0.9415,1.0542
11/20/20,0.0631,0.0755,0.237,0.6186,0.985,1.0383
11/19/20,0.0677,0.0813,0.222,0.6656,0.9879,0.9856
11/18/20,0.075,0.08,0.248,0.6503,0.971,0.9487
11/17/20,0.0755,0.0766,0.2418,0.6312,0.9293,0.9751
11/16/20,0.078,0.074,0.2265,0.727,0.8936,1.0281
11/13/20,0.076,0.0808,0.288,0.7287,0.9183,1.024
11/12/20,0.076,0.0732,0.2857,0.6941,0.9621,1.079
11/11/20,0.0809,0.0588,0.2634,0.5979,0.9577,1.0513
11/10/20,0.0808,0.054,0.2021,0.5478,1.0121,1.0433
11/09/20,0.0783,0.0509,0.1755,0.55,0.988,1.142
11/06/20,0.0738,0.0617,0.174,0.6659,0.9782,1.146
11/05/20,0.07,0.0556,0.2305,0.6165,1.075,1.108
11/04/20,0.0692,0.0557,0.2104,0.653,1.0775,1.0142
11/03/20,0.074,0.055,0.2264,0.6075,1.0465,0.9465
11/02/20,0.0665,0.055,0.2129,0.5616,0.9471,0.958
10/30/20,0.068,0.0534,0.1859,0.5551,0.8821,1.0681
10/29/20,0.065,0.056,0.1797,0.5898,0.891,0.9988
10/28/20,0.069,0.0635,0.1993,0.6339,1.0026,1.0499
10/27/20,0.07,0.0631,0.2267,0.647,0.94,0.992
10/26/20,0.0689,0.0583,0.228,0.6121,0.9886,0.9488
10/23/20,0.073,0.056,0.2118,0.5768,0.934,0.9492
10/22/20,0.0732,0.0575,0.196,0.559,0.89,0.991
10/21/20,0.0722,0.0533,0.1913,0.5365,0.8892,1.0367
10/20/20,0.07,0.0555,0.1789,0.5287,0.9267,1.065
10/19/20,0.0714,0.0476,0.1735,0.5193,0.971,1.028
10/16/20,0.07,0.0483,0.1584,0.5213,0.994,0.9779
10/15/20,0.0688,0.056,0.1585,0.568,0.9607,0.9464
10/14/20,0.067,0.056,0.191,0.5648,0.9131,0.9109
10/13/20,0.0662,0.0551,0.189,0.5753,0.8839,0.909
10/12/20,0.069,0.0527,0.193,0.5755,0.8498,0.901
10/09/20,0.069,0.0505,0.194,0.5243,0.8462,0.9064
10/08/20,0.069,0.048,0.1652,0.563,0.84,0.957
10/07/20,0.0675,0.036,0.1825,0.4885,0.8445,0.9549
10/06/20,0.0663,0.0389,0.14,0.467,0.895,0.9666
10/05/20,0.063,0.0326,0.1295,0.474,0.8878,0.961
10/02/20,0.0602,0.0317,0.1292,0.4458,0.9022,0.9128
10/01/20,0.0599,0.0315,0.111,0.4458,0.9028,0.9578
09/30/20,0.0582,0.032,0.1148,0.4465,0.8495,0.8708
09/29/20,0.0573,0.0322,0.1177,0.4482,0.8973,0.8495
09/28/20,0.0559,0.0353,0.121,0.4545,0.8132,0.8598
09/25/20,0.0571,0.0367,0.122,0.4515,0.7893,0.8223
09/24/20,0.0563,0.0372,0.121,0.4463,0.7965,0.8268
09/23/20,0.0577,0.0414,0.1198,0.4748,0.7633,0.8068
09/22/20,0.0585,0.036,0.1348,0.459,0.7678,0.817
09/21/20,0.0601,0.0373,0.1275,0.471,0.756,0.813
09/18/20,0.0629,0.0365,0.13,0.455,0.7598,0.811
09/17/20,0.0567,0.0325,0.121,0.452,0.7609,0.798
09/16/20,0.0596,0.027,0.1183,0.448,0.756,0.835
09/15/20,0.058,0.033,0.1055,0.456,0.7473,0.82
09/14/20,0.0564,0.0423,0.119,0.475,0.7805,0.834
09/11/20,0.055,0.0395,0.1325,0.4515,0.7655,0.815
09/10/20,0.06,0.037,0.12,0.498,0.783,0.791
09/09/20,0.0641,0.039,0.155,0.495,0.7595,0.7895
09/08/20,0.0615,0.0294,0.1525,0.4273,0.7445,0.785
09/07/20,0.061,0.032,0.1122,0.438,0.7395,0.8105
09/04/20,0.0588,0.0298,0.111,0.449,0.744,0.7748
09/03/20,0.0529,0.0305,0.1077,0.4785,0.7635,0.8338
09/02/20,0.055,0.0286,0.119,0.5013,0.7318,0.832
09/01/20,0.0556,0.047,0.1215,0.5195,0.7958,0.7448
08/31/20,0.0549,0.0396,0.155,0.462,0.786,0.7585
08/28/20,0.0528,0.0361,0.128,0.4518,0.7053,0.7805
08/27/20,0.0597,0.0304,0.1265,0.4083,0.7225,0.834
08/26/20,0.0584,0.0283,0.1031,0.3978,0.7435,0.8605
08/25/20,0.0568,0.0286,0.0967,0.4132,0.7845,0.878
08/24/20,0.0533,0.03,0.102,0.4298,0.808,0.7915
08/21/20,0.0516,0.0298,0.1055,0.4133,0.826,0.764
08/20/20,0.0516,0.0369,0.1005,0.4363,0.748,0.713
08/19/20,0.0543,0.0386,0.1145,0.4648,0.7258,0.701
08/18/20,0.0607,0.0394,0.1262,0.4581,0.6699,0.724
08/17/20,0.0616,0.0404,0.1385,0.428,0.6618,0.7495
08/14/20,0.0634,0.0362,0.125,0.4013,0.6785,0.7215
08/13/20,0.0616,0.0254,0.1048,0.352,0.7043,0.7545
08/12/20,0.0591,0.0217,0.079,0.328,0.681,0.786
08/11/20,0.0562,0.0099,0.07,0.298,0.7078,0.7575
08/10/20,0.0519,0.0083,0.0497,0.3028,0.739,0.7115
08/07/20,0.0494,-0.0044,0.0503,0.2612,0.7163,0.672
08/06/20,0.045,0.0018,0.0205,0.3033,0.672,0.6108
08/05/20,0.0437,-0.0092,0.0472,0.2695,0.6375,0.572
08/04/20,0.04,0.0028,0.022,0.2903,0.5785,0.534
08/03/20,0.0413,0.0106,0.0435,0.3143,0.544,0.5385
07/31/20,0.0379,0.0116,0.0567,0.3193,0.5055,0.4933
07/30/20,0.0406,0.0135,0.0653,0.351,0.5123,0.535
07/29/20,0.0469,0.009,0.0839,0.328,0.467,0.4998
07/28/20,0.0455,0.0085,0.072,0.315,0.508,0.5203
07/27/20,0.0479,0.0082,0.0675,0.3273,0.4713,0.55
07/24/20,0.0465,0.0056,0.0712,0.3282,0.493,0.5429
07/23/20,0.0464,0.0075,0.0612,0.335,0.5246,0.5739
07/22/20,0.0484,0.0099,0.0718,0.358,0.5194,0.5486
07/21/20,0.0484,0.0025,0.0815,0.3411,0.5546,0.524
07/20/20,0.0481,0.0082,0.0699,0.3521,0.5301,0.5558
07/17/20,0.049,0.0064,0.0819,0.3428,0.512,0.5597
07/16/20,0.0477,0.0032,0.081,0.3397,0.5379,0.5614
07/15/20,0.0488,0.0028,0.0759,0.3742,0.542,0.5933
07/14/20,0.0487,-0.001,0.0974,0.337,0.5419,0.5573
07/13/20,0.0453,0.0071,0.0745,0.3799,0.5722,0.582
07/10/20,0.0443,0.0096,0.09,0.3511,0.5458,0.5485
07/09/20,0.0434,0.0083,0.0755,0.3886,0.562,0.5615
07/08/20,0.0428,0.0057,0.0881,0.399,0.543,0.5929
07/07/20,0.0464,0.0061,0.084,0.383,0.5445,0.5504
07/06/20,0.0473,0.0085,0.083,0.3914,0.5749,0.6216
07/03/20,0.042,0.0026,0.0949,0.379,0.5329,0.5924
07/02/20,0.043,0,0.082,0.3424,0.5993,0.6518
07/01/20,0.0393,0.0105,0.0675,0.3583,0.579,0.659
06/30/20,0.0317,0.0258,0.0905,0.406,0.6231,0.652
06/29/20,0.034,0.0257,0.1197,0.401,0.63,0.649
06/26/20,0.0413,0.0256,0.1105,0.4316,0.615,0.633
06/25/20,0.0504,0.0264,0.121,0.424,0.6144,0.594
06/24/20,0.0511,0.0293,0.123,0.4038,0.601,0.592
06/23/20,0.0556,0.0395,0.12,0.423,0.5505,0.6501
06/22/20,0.053,0.0403,0.1216,0.4433,0.568,0.652
06/19/20,0.0593,0.0463,0.1384,0.4679,0.6264,0.7175
06/18/20,0.064,0.0443,0.15,0.4437,0.6234,0.69
06/17/20,0.068,0.0437,0.149,0.426,0.6701,0.6599
06/16/20,0.0799,0.0419,0.1301,0.3906,0.6495,0.698
06/15/20,0.0782,0.0322,0.122,0.4569,0.6297,0.7359
06/12/20,0.0749,0.0579,0.1285,0.5488,0.663,0.7592
06/11/20,0.0773,0.0701,0.2003,0.5872,0.6919,0.6863
06/10/20,0.0565,0.0691,0.241,0.6057,0.72,0.6898
06/09/20,0.0683,0.0455,0.2571,0.5404,0.663,0.6381
06/08/20,0.0756,0.035,0.1946,0.4659,0.6528,0.7605
06/05/20,0.0687,0.0197,0.1517,0.409,0.6089,0.816
06/04/20,0.066,0.0194,0.1173,0.3876,0.7147,0.8694
06/03/20,0.0619,0.0173,0.1138,0.3875,0.7815,0.8876
06/02/20,0.0528,0.0288,0.1125,0.4209,0.8323,0.8571
06/01/20,0.0503,0.0314,0.142,0.41,0.8477,0.7521
05/29/20,0.0492,0.0266,0.137,0.434,0.8067,0.7072
05/28/20,0.0562,0.0153,0.1395,0.396,0.714,0.6796
05/27/20,0.0551,0.0144,0.131,0.396,0.6644,0.647
05/26/20,0.0552,0.0259,0.1349,0.4023,0.6352,0.6986
05/25/20,0.0425,0.0264,0.131,0.3983,0.6138,0.6881
05/22/20,0.0454,0.0261,0.1277,0.4004,0.6593,0.7102
05/21/20,0.0411,0.0271,0.1238,0.436,0.6472,0.641
05/20/20,0.0478,0.0106,0.159,0.3488,0.668,0.641
05/19/20,0.0516,0.0088,0.0899,0.314,0.607,0.65
05/18/20,0.0504,0.0121,0.0727,0.33,0.607,0.6483
05/15/20,0.0385,0.0052,0.0799,0.3467,0.598,0.6455
05/14/20,0.0388,0.012,0.074,0.3815,0.6151,0.667
05/13/20,0.0403,0.0133,0.1047,0.3675,0.6129,0.5657
05/12/20,0.0425,-0.0068,0.0967,0.33,0.639,0.5071
05/11/20,0.0397,0.031,0.075,0.3919,0.5428,0.5544
05/08/20,0.0313,0.042,0.137,0.3854,0.4861,0.5734
05/07/20,0.0162,0.042,0.157,0.3738,0.5293,0.6076
05/06/20,0.0349,0.0462,0.1515,0.3624,0.5493,0.5972
05/05/20,0.0422,0.0481,0.1447,0.3885,0.5796,0.535
05/04/20,0.036,0.052,0.1599,0.38,0.5659,0.6049
05/01/20,0.036,0.0666,0.167,0.36,0.521,0.5805
04/30/20,0.0407,0.0712,0.1728,0.4112,0.5801,0.5455
04/29/20,0.0434,0.0655,0.1996,0.3591,0.5565,0.5267
04/28/20,0.0557,0.0643,0.169,0.3661,0.5281,0.5647
04/27/20,0.0561,0.071,0.1738,0.3931,0.5153,0.553
04/24/20,0.0584,0.067,0.1851,0.3695,0.5445,0.4935
04/23/20,0.0604,0.0717,0.1694,0.4125,0.5227,0.5469
04/22/20,0.064,0.0782,0.188,0.456,0.4807,0.497
04/21/20,0.06,0.0822,0.213,0.4451,0.5353,0.502
04/20/20,0.0646,0.0759,0.2165,0.4433,0.486,0.5692
04/17/20,0.0661,0.096,0.2034,0.5713,0.4894,0.5169
04/16/20,0.0763,0.0986,0.289,0.5838,0.5252,0.564
04/15/20,0.0737,0.0904,0.311,0.573,0.4979,0.633
04/14/20,0.084,0.0912,0.2786,0.557,0.555,0.5959
04/13/20,0.0741,0.1031,0.2786,0.5567,0.611,0.6307
04/10/20,0.0582,0.1127,0.3116,0.5068,0.5817,0.789
04/09/20,0.0667,0.0979,0.3,0.4568,0.6057,0.7829
04/08/20,0.0702,0.085,0.2748,0.403,0.7495,0.733
04/07/20,0.0733,0.086,0.232,0.3962,0.7497,0.735
04/06/20,0.0712,0.08,0.226,0.414,0.7017,0.7287
04/03/20,0.068,0.093,0.2282,0.4507,0.7017,0.66
04/02/20,0.0694,0.095,0.237,0.4649,0.7033,0.5872
04/01/20,0.0633,0.077,0.25,0.376,0.6381,0.5237
03/31/20,0.07,0.103,0.2115,0.51,0.5776,0.558
03/30/20,0.0674,0.1192,0.3096,0.547,0.523,0.5464
03/27/20,0.054,0.1368,0.3156,0.4765,0.5363,0.6071
03/26/20,0.0593,0.109,0.3,0.421,0.5471,0.6087
03/25/20,0.07,0.1159,0.208,0.4636,0.5879,0.4756
03/24/20,0.089,0.1681,0.2308,0.6974,0.586,0.6118
03/23/20,0.0785,0.2134,0.3854,0.8029,0.4629,0.6503
03/20/20,0.0894,0.2384,0.5254,0.739,0.6,0.532
03/19/20,0.115,0.1503,0.531,0.5062,0.651,0.471
03/18/20,0.14,0.225,0.3442,0.7039,0.5448,0.4431
03/17/20,0.1486,0.1826,0.511,0.5837,0.479,0.743
03/16/20,0.1206,0.2408,0.4113,0.6499,0.4646,0.8083
03/13/20,0.147,0.333,0.5043,0.6045,0.7512,0.772
03/12/20,0.131,0.2007,0.483,0.3887,0.8433,0.4881
03/11/20,0.1985,0.353,0.3263,0.618,0.785,0.67
03/10/20,0.316,0.421,0.482,0.673,0.5294,0.6675
03/09/20,0.1955,0.535,0.5389,0.814,0.665,0.6946
03/06/20,0.3615,0.5234,0.6277,0.7499,0.6146,0.627
03/05/20,0.4481,0.7525,0.5867,0.916,0.7029,0.4156
03/04/20,0.5841,0.751,0.792,0.8745,0.6475,0.737
03/03/20,0.5858,0.885,0.748,0.975,0.423,0.9272
03/02/20,0.8482,1.0239,0.867,1.0726,0.731,1.0651
02/28/20,0.91,1.0673,0.9698,1.071,0.8837,0.9685
02/27/20,1.044,1.089,0.9849,1.0875,1.0275,1.0994
02/26/20,1.1893,1.1825,1.0005,1.177,0.9409,1.0495
02/25/20,1.2445,1.2279,1.101,1.2231,1.0755,1.134
02/24/20,1.26,1.2683,1.15,1.2786,1.0265,1.2201
02/21/20,1.343,1.2512,1.1974,1.2765,1.137,1.2098
02/20/20,1.379,1.2775,1.1853,1.3107,1.2068,1.2205
02/19/20,1.4062,1.277,1.2124,1.3107,1.1955,1.302
02/18/20,1.3861,1.297,1.2124,1.3481,1.2115,1.3661
02/17/20,1.4029,1.3132,1.2462,1.3761,1.305,1.4331
02/14/20,1.403,1.29,1.2693,1.341,1.363,1.4362
02/13/20,1.4209,1.27,1.232,1.312,1.423,1.475
02/12/20,1.4349,1.286,1.205,1.335,1.418,1.4751
02/11/20,1.421,1.325,1.225,1.3855,1.4592,1.5139
02/10/20,1.4095,1.322,1.2735,1.3895,1.4531,1.5353
02/07/20,1.422,1.288,1.2695,1.329,1.491,1.504
02/06/20,1.453,1.226,1.2165,1.2615,1.5239,1.484
02/05/20,1.455,1.1803,1.147,1.2245,1.491,1.5015
02/04/20,1.432,1.2731,1.106,1.303,1.464,1.548
02/03/20,1.3875,1.278,1.1925,1.305,1.4845,1.568
01/31/20,1.3435,1.324,1.191,1.3715,1.536,1.503
01/30/20,1.4275,1.289,1.262,1.319,1.5535,1.4375
01/29/20,1.435,1.351,1.219,1.402,1.486,1.42
01/28/20,1.459,1.371,1.297,1.442,1.418,1.4665
01/27/20,1.4335,1.395,1.3325,1.481,1.3965,1.471
01/24/20,1.476,1.398,1.366,1.496,1.4585,1.535
01/23/20,1.4798,1.4246,1.368,1.5226,1.4545,1.477
01/22/20,1.495,1.4237,1.4105,1.535,1.5245,1.562
01/21/20,1.495,1.4238,1.4092,1.5226,1.468,1.601
01/20/20,1.5116,1.4184,1.405,1.5159,1.551,1.649
01/17/20,1.5122,1.4268,1.392,1.534,1.59,1.666
01/16/20,1.5135,1.435,1.4053,1.556,1.636,1.673
01/15/20,1.5146,1.425,1.4225,1.536,1.6525,1.7053
01/14/20,1.5175,1.436,1.412,1.5705,1.6668,1.673
01/13/20,1.5218,1.439,1.43,1.584,1.6668,1.6679
01/10/20,1.515,1.403,1.445,1.529,1.6668,1.7008
01/09/20,1.518,1.406,1.3913,1.518,1.6617,1.711
01/08/20,1.523,1.4,1.3805,1.516,1.6888,1.701
01/07/20,1.497,1.447,1.385,1.615,1.704,1.7365
01/06/20,1.508,1.46,1.4675,1.6638,1.678,1.76
01/03/20,1.502,1.451,1.5078,1.611,1.722,1.698
01/02/20,1.523,1.4498,1.468,1.601,1.736,1.6805
12/31/19,1.53,1.47,1.4603,1.615,1.682,1.665
12/30/19,1.525,1.474,1.4865,1.628,1.6655,1.766
12/27/19,1.5139,1.48,1.494,1.65,1.656,1.8288
12/26/19,1.525,1.46,1.517,1.641,1.7555,1.7695
12/25/19,1.529,1.458,1.503,1.631,1.8148,1.752
12/24/19,1.529,1.463,1.494,1.627,1.751,1.764
12/23/19,1.535,1.454,1.4945,1.5943,1.739,1.77
12/20/19,1.523,1.449,1.4692,1.5886,1.753,1.789
12/19/19,1.5205,1.4152,1.4678,1.523,1.762,1.793
12/18/19,1.52,1.46,1.407,1.583,1.783,1.781
12/17/19,1.523,1.406,1.467,1.487,1.7815,1.7865
12/16/19,1.523,1.434,1.383,1.536,1.77,1.734
12/13/19,1.5053,1.41,1.424,1.522,1.7745,1.72
12/12/19,1.526,1.414,1.407,1.54,1.722,1.6741
12/11/19,1.498,1.391,1.415,1.5014,1.723,1.748
12/10/19,1.508,1.366,1.3775,1.473,1.651,1.6345
12/09/19,1.4955,1.33,1.351,1.4,1.71,1.6735
12/06/19,1.5,1.405,1.2793,1.51,1.62,1.6605
12/05/19,1.482,1.4005,1.386,1.4735,1.6644,1.6855
12/04/19,1.472,1.3981,1.372,1.452,1.652,1.661
12/03/19,1.46,1.3712,1.353,1.425,1.676,1.625
12/02/19,1.507,1.384,1.316,1.4225,1.646,1.5575
11/29/19,1.509,1.382,1.3199,1.437,1.61,1.656
11/28/19,1.511,1.3665,1.326,1.4231,1.544,1.6045
11/27/19,1.515,1.3385,1.3167,1.412,1.646,1.584
11/26/19,1.4954,1.361,1.296,1.4412,1.6017,1.584
11/25/19,1.502,1.377,1.328,1.48,1.5785,1.5567
11/22/19,1.49,1.393,1.359,1.4918,1.548,1.573
11/21/19,1.48,1.376,1.3713,1.4759,1.5563,1.5765
11/20/19,1.4611,1.423,1.3523,1.556,1.568,1.574
11/19/19,1.467,1.4634,1.432,1.5819,1.5636,1.5545
11/18/19,1.474,1.4756,1.477,1.5802,1.543,1.584
11/15/19,1.486,1.4676,1.4638,1.614,1.575,1.6345
11/14/19,1.473,1.4659,1.493,1.5913,1.619,1.642
11/13/19,1.499,1.405,1.4775,1.4939,1.6298,1.644
11/12/19,1.515,1.423,1.375,1.536,1.6198,1.698
11/11/19,1.5241,1.392,1.409,1.4545,1.691,1.7354
11/08/19,1.525,1.3462,1.34,1.396,1.74,1.7311
11/07/19,1.515,1.294,1.289,1.356,1.7223,1.7515
11/06/19,1.491,1.377,1.237,1.447,1.743,1.725
11/05/19,1.5,1.402,1.3614,1.507,1.728,1.6615
11/04/19,1.482,1.4137,1.381,1.516,1.644,1.6885
11/01/19,1.4578,1.388,1.3905,1.4656,1.6791,1.6085
10/31/19,1.4165,1.3585,1.3514,1.449,1.61,1.535
10/30/19,1.473,1.3627,1.326,1.446,1.535,1.5235
10/29/19,1.495,1.352,1.3138,1.452,1.501,1.6005
10/28/19,1.4928,1.4035,1.3523,1.498,1.59,1.6775
10/25/19,1.482,1.366,1.367,1.442,1.66,1.6805
10/24/19,1.46,1.388,1.32,1.4213,1.669,1.635
10/23/19,1.4629,1.3756,1.334,1.425,1.624,1.615
10/22/19,1.459,1.414,1.321,1.454,1.602,1.612
10/21/19,1.497,1.3435,1.359,1.416,1.595,1.623
10/18/19,1.479,1.383,1.313,1.331,1.606,1.668
10/17/19,1.503,1.3175,1.1894,1.224,1.655,1.621
10/16/19,1.4896,1.243,1.118,1.2039,1.6,1.602
10/15/19,1.529,1.188,1.1085,1.237,1.586,1.5882
10/14/19,1.478,1.2386,1.143,1.2084,1.576,1.5975
10/11/19,1.5077,1.2133,1.1026,1.1984,1.585,1.561
10/10/19,1.46,1.1842,1.0893,1.2676,1.552,1.5565
10/09/19,1.41,1.2803,1.178,1.3011,1.474,1.498
10/08/19,1.374,1.3362,1.2316,1.3283,1.373,1.4205
10/07/19,1.415,1.408,1.2823,1.3389,1.3433,1.3665
10/04/19,1.3809,1.4136,1.293,1.3185,1.383,1.3995
10/03/19,1.3609,1.4303,1.2825,1.347,1.3449,1.3533
10/02/19,1.4467,1.433,1.2876,1.277,1.3424,1.3637
10/01/19,1.5014,1.3641,1.2393,1.369,1.4128,1.4287
09/30/19,1.5629,1.4479,1.319,1.391,1.4267,1.436
09/27/19,1.5747,1.4569,1.3416,1.405,1.4466,1.4598
09/26/19,1.591,1.479,1.352,1.414,1.4541,1.4714
09/25/19,1.6,1.4799,1.359,1.435,1.4334,1.4441
09/24/19,1.5493,1.4703,1.356,1.468,1.4395,1.4825
09/23/19,1.6095,1.4833,1.392,1.5226,1.3991,1.4107
09/20/19,1.6249,1.5468,1.4386,1.403,1.469,1.4376
09/19/19,1.661,1.4536,1.332,1.367,1.4937,1.474
09/18/19,1.6702,1.416,1.239,1.367,1.516,1.5165
09/17/19,1.648,1.42,1.289,1.2662,1.5005,1.5081
09/16/19,1.656,1.328,1.183,1.185,1.5512,1.561
09/13/19,1.6858,1.2862,1.1268,1.1866,1.5835,1.599
09/12/19,1.624,1.267,1.1163,1.095,1.6452,1.6591
09/11/19,1.599,1.175,1.011,1.09,1.529,1.5355
09/10/19,1.6,1.208,1.029,1.1341,1.4342,1.4626
09/09/19,1.551,1.2739,1.0906,1.1304,1.494,1.507
09/06/19,1.515,1.2737,1.079,1.1434,1.3862,1.4175
09/05/19,1.504,1.2822,1.0993,1.1184,1.3005,1.31
09/04/19,1.4388,1.2611,1.069,1.1373,1.3185,1.336
09/03/19,1.464,1.286,1.0902,1.193,1.233,1.249
09/02/19,1.5228,1.3103,1.117,1.206,1.214,1.251
08/30/19,1.536,1.289,1.128,1.291,1.2469,1.256
08/29/19,1.542,1.38,1.1819,1.247,1.2409,1.2565
08/28/19,1.54,1.3443,1.1867,1.2102,1.2581,1.27
08/27/19,1.535,1.3132,1.1574,1.2584,1.244,1.278
08/26/19,1.5605,1.3349,1.1997,1.198,1.2602,1.2805
08/23/19,1.53,1.283,1.144,1.176,1.336,1.3715
08/22/19,1.598,1.2725,1.145,1.232,1.338,1.352
08/21/19,1.568,1.3542,1.2006,1.3413,1.3731,1.399
08/20/19,1.53,1.4394,1.302,1.3053,1.3727,1.4001
08/19/19,1.553,1.3435,1.199,1.3613,1.3367,1.3432
08/16/19,1.5085,1.4146,1.2603,1.358,1.3803,1.3912
08/15/19,1.499,1.383,1.249,1.367,1.315,1.338
08/14/19,1.5691,1.346,1.2471,1.371,1.283,1.2835
08/13/19,1.6413,1.3693,1.2396,1.3288,1.336,1.3375
08/12/19,1.561,1.3362,1.2067,1.507,1.4731,1.4778
08/09/19,1.615,1.5128,1.3927,1.555,1.4576,1.4744
08/08/19,1.6014,1.5481,1.4222,1.6822,1.548,1.563
08/07/19,1.575,1.7017,1.5636,1.7054,1.51,1.616
08/06/19,1.599,1.665,1.5652,1.729,1.5295,1.5454
08/05/19,1.58,1.6559,1.5678,1.7303,1.5495,1.5864
08/02/19,1.7309,1.662,1.579,1.7325,1.5115,1.5513
08/01/19,1.7592,1.653,1.5763,1.6969,1.6757,1.6955
07/31/19,1.8883,1.618,1.5374,1.7263,1.75,1.7689
07/30/19,1.855,1.633,1.5589,1.706,1.8447,1.8649
07/29/19,1.852,1.604,1.5384,1.7023,1.8825,1.9031
07/26/19,1.859,1.591,1.554,1.6799,1.904,1.9086
07/25/19,1.852,1.5297,1.499,1.7241,1.9088,1.925
07/24/19,1.828,1.61,1.5683,1.782,1.9094,1.923
07/23/19,1.836,1.6685,1.6212,1.7682,1.8771,1.9006
07/22/19,1.815,1.614,1.5984,1.8056,1.9078,1.9465
07/19/19,1.823,1.6668,1.6313,1.8166,1.8871,1.9096
07/18/19,1.7339,1.689,1.6432,1.7254,1.8861,1.92
07/17/19,1.8035,1.667,1.576,1.7423,1.8704,1.8952
07/16/19,1.8405,1.7189,1.6234,1.7062,1.8896,1.9099
07/15/19,1.829,1.713,1.5764,1.7217,1.9477,1.9643
07/12/19,1.85,1.6994,1.5838,1.6384,1.946,1.969
07/11/19,1.872,1.5957,1.4894,1.6377,1.9848,2.0059
07/10/19,1.855,1.6168,1.488,1.6605,1.9967,2.036
07/09/19,1.9427,1.6066,1.5049,1.716,1.9042,1.959
07/08/19,1.916,1.648,1.5589,1.699,1.9081,1.9265
07/05/19,1.8996,1.6019,1.5303,1.706,1.886,1.9145
07/04/19,1.829,1.593,1.531,1.6908,1.9046,1.9306
07/03/19,1.8245,1.615,1.5216,1.6581,1.8228,1.8531
07/02/19,1.8355,1.55,1.4768,1.6637,1.8234,1.8528
07/01/19,1.8596,1.5532,1.4658,1.7203,1.8565,1.8852
06/28/19,1.816,1.6057,1.5351,1.6274,1.9089,1.9373
06/27/19,1.818,1.6037,1.533,1.693,1.894,1.9155
06/26/19,1.8365,1.5674,1.4907,1.7179,1.886,1.9025
06/25/19,1.7885,1.698,1.5734,1.7585,1.8863,1.9395
06/24/19,1.78,1.6975,1.6034,1.7283,1.8606,1.873
06/21/19,1.8141,1.6515,1.5706,1.763,1.8652,1.8888
06/20/19,1.824,1.7236,1.6106,1.7913,1.91,1.9345
06/19/19,1.8096,1.7236,1.6284,1.854,1.885,1.9045
06/18/19,1.934,1.772,1.697,1.835,1.8632,1.8868
06/17/19,1.9246,1.761,1.677,1.791,1.8887,1.915
06/14/19,1.8919,1.7034,1.6467,1.8262,1.9316,1.9495
06/13/19,1.8855,1.7327,1.6697,1.8365,1.906,1.9365
06/12/19,1.9461,1.7086,1.6558,1.826,1.944,1.9742
06/11/19,1.991,1.7288,1.6695,1.7538,1.9666,1.989
06/10/19,1.9705,1.68,1.5948,1.8108,2.021,2.0075
06/07/19,1.9176,1.784,1.6776,1.8998,2.0047,2.03
06/06/19,1.9625,1.9092,1.7826,1.9444,1.9643,1.9884
06/05/19,1.9551,1.9549,1.8299,1.9479,1.9963,2.0204
06/04/19,1.983,1.9545,1.8243,1.9895,2.022,2.0441
06/03/19,1.9589,1.9934,1.8705,1.9875,1.9893,2.0088
05/31/19,2.0702,1.9919,1.8665,1.9895,1.9122,1.9267
05/30/19,2.1691,1.9906,1.8716,2.101,1.9582,1.9693
05/29/19,2.1928,2.073,1.98,2.1041,2.0391,2.0494
05/28/19,2.1969,2.0983,1.9891,2.0638,2.0862,2.098
05/27/19,2.2181,2.071,1.9407,2.065,2.0963,2.109
05/24/19,2.2177,2.0444,1.938,2.0579,2.1322,2.1448
05/23/19,2.2106,2.05,1.9323,2.0416,2.131,2.144
05/22/19,2.269,2.0193,1.9102,2.0929,2.1341,2.1453
05/21/19,2.2766,2.0615,1.9607,2.086,2.235,2.2225
05/20/19,2.257,2.0503,1.951,2.1627,2.2369,2.2465
05/17/19,2.2393,2.1486,2.0415,2.1377,2.2085,2.2485
05/16/19,2.244,2.1379,2.0224,2.177,2.218,2.2197
05/15/19,2.2228,2.1715,2.0609,2.1528,2.2052,2.2395
05/14/19,2.2445,2.1568,2.0367,2.1627,2.1919,2.207
05/13/19,2.2315,2.1669,2.0497,2.2283,2.2357,2.2545
05/10/19,2.3014,2.2172,2.115,2.2456,2.2228,2.2385
05/09/19,2.3016,2.2242,2.133,2.2099,2.2986,2.3105
05/08/19,2.3236,2.1922,2.092,2.2039,2.2755,2.2906
05/07/19,2.3202,2.15,2.064,2.2275,2.3133,2.3251
05/06/19,2.3293,2.1672,2.089,2.2042,2.29,2.299
05/03/19,2.3571,2.1552,2.068,2.2408,2.3006,2.326
05/02/19,2.3587,2.2002,2.115,2.2228,2.3619,2.372
05/01/19,2.3381,2.1822,2.094,2.2675,2.3828,2.3936
04/30/19,2.3137,2.2232,2.137,2.2924,2.3586,2.374
04/29/19,2.3251,2.2464,2.166,2.2703,2.3623,2.3813
04/26/19,2.3181,2.2542,2.154,2.2725,2.3866,2.4048
04/25/19,2.3471,2.2542,2.155,2.3039,2.3627,2.3814
04/24/19,2.3321,2.2722,2.187,2.2995,2.3908,2.4047
04/23/19,2.3607,2.2772,2.188,2.2659,2.3721,2.3876
04/22/19,2.3761,2.2682,2.157,2.2711,2.4149,2.4299
04/19/19,2.3901,2.2679,2.161,2.2024,2.4345,2.4473
04/18/19,2.3901,2.2221,2.095,2.1631,2.4089,2.4237
04/17/19,2.3941,2.1912,2.054,2.1994,2.4117,2.4235
04/16/19,2.3941,2.2142,2.087,2.2159,2.4459,2.4558
04/15/19,2.3961,2.2332,2.111,2.1894,2.4374,2.4484
04/12/19,2.3907,2.2142,2.085,2.2064,2.4084,2.4182
04/11/19,2.3736,2.2112,2.102,2.2075,2.4054,2.4166
04/10/19,2.3561,2.2094,2.1,2.1629,2.3467,2.3633
04/09/19,2.3658,2.1805,2.064,2.2019,2.3126,2.3276
04/08/19,2.3751,2.2072,2.102,2.1109,2.3447,2.3537
04/05/19,2.3651,2.1422,2.017,2.1028,2.3546,2.3652
04/04/19,2.3591,2.1112,1.992,2.0595,2.3291,2.3362
04/03/19,2.3541,2.0736,1.943,2.1053,2.3402,2.3455
04/02/19,2.3381,2.1222,1.986,2.0703,2.3425,2.35
04/01/19,2.3491,2.0892,1.95,2.1322,2.2949,2.3007
03/29/19,2.3161,2.1672,2.032,2.2362,2.3256,2.3248
03/28/19,2.3001,2.2662,2.127,2.2305,2.2426,2.2486
03/27/19,2.2801,2.2628,2.122,2.3157,2.2372,2.2421
03/26/19,2.3171,2.3252,2.208,2.3057,2.2031,2.2135
03/25/19,2.2931,2.3112,2.192,2.2928,2.2526,2.2613
03/22/19,2.3481,2.3032,2.182,2.3309,2.2327,2.2476
03/21/19,2.4028,2.3262,2.216,2.3229,2.2757,2.2889
03/20/19,2.3991,2.3362,2.219,2.3091,2.3759,2.3863
03/19/19,2.4191,2.3275,2.197,2.3537,2.3809,2.3942
03/18/19,2.4121,2.3562,2.242,2.3466,2.4461,2.4519
03/15/19,2.4065,2.3476,2.234,2.3505,2.4471,2.4537
03/14/19,2.4181,2.3544,2.243,2.4032,2.4387,2.447
03/13/19,2.4269,2.3942,2.2941,2.4194,2.4758,2.4854
03/12/19,2.4231,2.4122,2.313,2.4189,2.4594,2.4679
03/11/19,2.4391,2.3956,2.303,2.4505,2.4493,2.4567
03/08/19,2.4361,2.4166,2.336,2.4142,2.4912,2.4982
03/07/19,2.4401,2.3781,2.29,2.376,2.4792,2.4842
03/06/19,2.4601,2.3532,2.259,2.3243,2.4889,2.4948
03/05/19,2.4681,2.3332,2.22,2.3466,2.5365,2.538
03/04/19,2.4621,2.3515,2.242,2.3449,2.5492,2.5498
03/01/19,2.4704,2.3522,2.247,2.3804,2.548,2.5496
02/28/19,2.4531,2.3842,2.286,2.346,2.5771,2.5787
02/27/19,2.4391,2.3632,2.254,2.3281,2.5401,2.5401
02/26/19,2.4351,2.3592,2.244,2.3612,2.5056,2.5102
02/25/19,2.4411,2.3812,2.278,2.3587,2.4462,2.4487
02/22/19,2.441,2.3822,2.276,2.3508,2.4717,2.475
02/21/19,2.4551,2.3662,2.258,2.3903,2.4673,2.4684
02/20/19,2.4431,2.4012,2.304,2.3744,2.5014,2.4998
02/19/19,2.4461,2.372,2.28,2.3416,2.463,2.4625
02/18/19,2.4541,2.3542,2.25,2.3222,2.4404,2.4384
02/15/19,2.4551,2.3412,2.231,2.3378,2.4681,2.4642
02/14/19,2.4481,2.3512,2.249,2.3762,2.4697,2.4643
02/13/19,2.4661,2.385,2.28,2.3789,2.4635,2.4604
02/12/19,2.4537,2.3869,2.29,2.4076,2.4995,2.494
02/11/19,2.4451,2.4021,2.315,2.3723,2.4845,2.4822
02/08/19,2.4391,2.3751,2.283,2.3191,2.4555,2.4509
02/07/19,2.4461,2.3342,2.224,2.3711,2.4332,2.4306
02/06/19,2.4643,2.3832,2.277,2.3991,2.4524,2.4467
02/05/19,2.4611,2.4332,2.323,2.4297,2.4843,2.4791
02/04/19,2.4661,2.4496,2.352,2.4443,2.4871,2.4785
02/01/19,2.4511,2.4632,2.372,2.3982,2.5105,2.5012
01/31/19,2.4355,2.4232,2.316,2.4181,2.4795,2.4731
01/30/19,2.4691,2.4387,2.339,2.4163,2.4318,2.4297
01/29/19,2.4971,2.4392,2.342,2.4673,2.4794,2.4734
01/28/19,2.4973,2.4672,2.398,2.4653,2.4986,2.4888
01/25/19,2.5101,2.4812,2.396,2.425,2.5263,2.5192
01/24/19,2.4901,2.4347,2.342,2.4005,2.5358,2.5255
01/23/19,2.4961,2.4092,2.308,2.3866,2.4966,2.4872
01/22/19,2.4931,2.4102,2.3045,2.3768,2.5119,2.5016
01/21/19,2.5091,2.4062,2.297,2.3744,2.5043,2.4934
01/18/19,2.5151,2.4102,2.301,2.4139,2.5518,2.5356
01/17/19,2.4883,2.4302,2.334,2.3899,2.5147,2.5394
01/16/19,2.4755,2.4112,2.314,2.413,2.4931,2.4994
01/15/19,2.4811,2.4392,2.341,2.3798,2.4873,2.4818
01/14/19,2.4821,2.3902,2.293,2.3509,2.4747,2.4766
01/11/19,2.4881,2.3432,2.256,2.2312,2.469,2.4691
01/10/19,2.4981,2.2322,2.104,2.3226,2.5084,2.4606
01/09/19,2.4834,2.3522,2.233,2.3848,2.4716,2.4972
01/08/19,2.5051,2.3852,2.279,2.3823,2.4902,2.4562
01/07/19,2.4711,2.3852,2.279,2.4167,2.4603,2.4719
01/04/19,2.4481,2.3822,2.308,2.4606,2.4527,2.4484
01/03/19,2.3831,2.4166,2.367,2.489,2.3495,2.4414
01/02/19,2.4621,2.4522,2.396,2.4219,2.4232,2.3454
01/01/19,2.4741,2.4162,2.35,2.4206,2.4843,2.4167
12/31/18,2.4741,2.4132,2.412,2.4856,2.4836,2.4737
12/28/18,2.4721,2.4852,2.44,2.4956,2.5037,2.4745
12/27/18,2.4839,2.5282,2.383,2.4286,2.5437,2.4854
12/26/18,2.5099,2.4862,2.411,2.4857,2.5605,2.5283
12/25/18,2.36,2.4832,2.467,2.5314,2.4955,2.543
12/24/18,2.4861,2.5283,2.501,2.5635,2.4976,2.479
12/21/18,2.5283,2.5712,2.527,2.5876,2.5512,2.479
12/20/18,2.5491,2.5922,2.541,2.5843,2.5647,2.5315
12/19/18,2.5371,2.6012,2.496,2.5481,2.4851,2.5465
12/18/18,2.5061,2.5681,2.462,2.5212,2.5543,2.4637
12/17/18,2.5342,2.5322,2.465,2.524,2.601,2.5327
12/14/18,2.5661,2.5352,2.544,2.6006,2.6282,2.5784
12/13/18,2.5781,2.5962,2.592,2.6142,2.6534,2.6045
12/12/18,2.5801,2.6502,2.59,2.6175,2.6424,2.6299
12/11/18,2.5576,2.6399,2.627,2.6679,2.6105,2.6131
12/10/18,2.5331,2.6702,2.622,2.6843,2.5915,2.5848
12/07/18,2.5371,2.6521,2.657,2.7201,2.6042,2.5679
12/06/18,2.5641,2.6622,2.666,2.7301,2.6641,2.5866
12/05/18,2.5991,2.6732,2.695,2.7502,2.679,2.6408
12/04/18,2.5939,2.6992,2.68,2.7319,2.6836,2.6534
12/03/18,2.6111,2.6932,2.664,2.7188,2.7417,2.6542
11/30/18,2.5923,2.6792,2.688,2.7424,2.7639,2.7169
11/29/18,2.6011,2.6902,,,2.7958,2.7384
11/28/18,2.6031,,,,2.804,2.7684
11/27/18,2.6141,,,,2.8118,2.7791
11/26/18,2.6081,,,,2.7848,2.7884
11/23/18,2.5951,,,,2.781,2.7552
11/22/18,2.6031,,,,2.8004,2.7529
